file_label,file_size_bytes,strategy,ingest_time_s,download_time_s
100KB,100000,random,0.04817780000000127,0.3450993000000011
100KB,100000,random,0.08875749999999982,0.0499925999999995
100KB,100000,random,0.5088989999999995,0.05375980000000169
100KB,100000,random,1.2807261000000025,0.1409710000000004
100KB,100000,random,0.5248062000000004,0.06034879999999987
100KB,100000,random,0.21365279999999842,0.1109934999999993
100KB,100000,random,0.5902097999999967,0.06123889999999932
100KB,100000,random,1.3285296999999971,0.045956199999999114
100KB,100000,random,0.5914198999999982,0.07941439999999744
100KB,100000,random,0.6817733000000032,0.18212419999999696
100KB,100000,random,0.6520049000000014,0.0749873999999977
100KB,100000,random,0.2995289999999997,0.08873129999999918
100KB,100000,random,0.2508936999999989,0.30957569999999635
100KB,100000,random,0.7845166999999975,0.044505399999998474
100KB,100000,random,0.5623196000000021,0.09923269999999462
100KB,100000,random,0.8605225999999959,0.06936220000000048
100KB,100000,random,0.6999156999999983,0.1166866000000013
100KB,100000,random,0.7112653000000009,0.14771189999999734
100KB,100000,random,1.0358263000000036,0.09508080000000518
100KB,100000,random,0.6081807000000055,0.5827734000000007
100KB,100000,random,0.5028728000000058,0.08327459999999576
100KB,100000,random,0.49591029999999847,0.0494546999999983
100KB,100000,random,0.9087047999999953,0.06687459999999845
100KB,100000,random,0.7298967999999988,0.275662600000004
100KB,100000,random,1.0141226000000003,0.08818409999999943
100KB,100000,random,0.27142549999999943,0.06360579999999771
100KB,100000,random,1.3310643000000013,0.0686807000000016
100KB,100000,random,0.5254514000000015,0.3851034999999996
100KB,100000,random,1.0098090000000042,0.04550109999999563
100KB,100000,random,0.5763369999999952,0.2982944000000032
100KB,100000,random,0.3016638999999941,0.33361630000000275
100KB,100000,random,0.7950294999999983,0.042617100000001074
100KB,100000,random,0.7375905999999972,0.08033390000000651
100KB,100000,random,0.4428286000000057,0.0474080999999984
100KB,100000,random,0.8009172000000007,0.2671025
100KB,100000,random,0.7507470999999981,0.04841869999999915
100KB,100000,random,1.0065883000000042,0.11232190000000486
100KB,100000,random,0.6106262999999998,0.08330649999999906
100KB,100000,random,1.1494785999999948,0.06191069999999854
100KB,100000,random,1.061634699999999,0.15412579999999565
100KB,100000,random,0.993868599999999,0.5629597999999945
100KB,100000,random,1.2042743000000016,0.4165602000000064
100KB,100000,random,0.9648587000000077,0.1413694000000021
100KB,100000,random,0.9700136000000015,0.04855910000000563
100KB,100000,random,1.0010086000000058,0.21556629999999188
100KB,100000,random,1.0654583999999971,0.054181399999990276
100KB,100000,random,0.8765153000000083,0.06085570000000473
100KB,100000,random,0.6955094000000059,0.23149170000000652
100KB,100000,random,1.4823724999999968,0.0763380000000069
100KB,100000,random,1.131656300000003,0.07911520000000394
100KB,100000,random,0.5333978999999971,0.07373080000000698
100KB,100000,random,0.7957123000000053,0.09404529999999056
100KB,100000,random,0.903293000000005,0.1836691999999971
100KB,100000,random,0.7190681000000012,0.049109100000009676
100KB,100000,random,0.2604039,0.08543079999999748
100KB,100000,random,0.5495152000000019,0.07299140000000648
100KB,100000,random,1.0930326000000008,0.2572444000000047
100KB,100000,random,0.5078770000000077,0.06560019999999156
100KB,100000,random,0.8231136999999933,0.05706859999999381
100KB,100000,random,0.8459912999999943,0.3259717999999907
100KB,100000,random,1.024944099999999,0.041784700000008
100KB,100000,random,0.28116249999999354,0.08669779999999605
100KB,100000,random,0.5157785000000104,0.061378200000007155
100KB,100000,random,0.531013399999992,0.07117709999999988
100KB,100000,random,0.5368397000000016,0.0917352999999963
100KB,100000,random,0.7630152999999922,0.08068360000000041
100KB,100000,random,0.5512420999999961,0.04291840000000491
100KB,100000,random,0.6228102000000035,0.1606519999999989
100KB,100000,random,3.5448906999999963,0.06775779999999543
100KB,100000,random,6.862634700000001,0.2003167000000019
100KB,100000,random,1.6286890000000085,0.11436039999999537
100KB,100000,random,1.063229100000001,0.3093736000000007
100KB,100000,random,0.6677720999999934,0.11045830000000478
100KB,100000,random,1.2053319000000045,0.14856209999999237
100KB,100000,random,1.0169161999999972,0.3250376000000017
100KB,100000,random,0.7173892999999936,0.1132687000000061
100KB,100000,random,0.7074745000000036,0.1052078000000023
100KB,100000,random,1.0061972000000026,0.07200540000000899
100KB,100000,random,0.984036500000002,0.042052100000006476
100KB,100000,random,0.02983109999999556,0.045765399999993406
100KB,100000,random,0.029983599999994226,0.0451331999999951
100KB,100000,random,0.040353499999994824,0.05462700000001064
100KB,100000,random,0.03803580000000295,0.04795179999999277
100KB,100000,random,0.03013119999999958,0.04225050000000863
100KB,100000,random,0.027726499999999987,0.049672499999999786
100KB,100000,random,0.03341900000000919,0.04373320000000547
100KB,100000,random,0.04153459999999143,0.044117100000008236
100KB,100000,random,0.18540579999999807,0.06437060000000372
100KB,100000,random,0.04076790000000585,0.04141479999999831
100KB,100000,random,0.30522629999998685,0.0466272000000032
100KB,100000,random,0.02659479999999803,0.042668599999998946
100KB,100000,random,0.043108499999988226,0.042119900000002986
100KB,100000,random,0.03006960000000447,0.052892400000004614
100KB,100000,random,0.04532779999999548,0.042001499999997804
100KB,100000,random,0.03209279999998671,0.051665199999987976
100KB,100000,random,0.040063099999997576,0.05623409999999751
100KB,100000,random,0.22216290000000072,0.03935350000000426
100KB,100000,random,0.032926399999993805,0.04222719999999924
100KB,100000,random,0.0337312000000054,0.03993299999999067
100KB,100000,random,0.02815040000000124,0.05385880000000043
100KB,100000,min_copysets,0.04531199999999558,0.0461734000000007
100KB,100000,min_copysets,0.02956899999999507,0.04333920000000546
100KB,100000,min_copysets,0.038893099999995684,0.042283499999996366
100KB,100000,min_copysets,0.06722279999999614,0.04045670000000712
100KB,100000,min_copysets,0.041696400000006406,0.0440926999999931
100KB,100000,min_copysets,0.05454190000000381,0.052052200000005655
100KB,100000,min_copysets,0.03407339999999692,0.06768720000000883
100KB,100000,min_copysets,0.033351899999999546,0.04606049999999584
100KB,100000,min_copysets,0.03324430000000689,0.054841300000006754
100KB,100000,min_copysets,0.03486009999998885,0.051481199999997784
100KB,100000,min_copysets,0.03864540000000716,0.04618190000000766
100KB,100000,min_copysets,0.031601600000001895,0.055578199999999356
100KB,100000,min_copysets,0.042800499999998465,0.04513749999999561
100KB,100000,min_copysets,0.02949890000000721,0.043771800000001804
100KB,100000,min_copysets,0.03130370000000937,0.05143730000000346
100KB,100000,min_copysets,0.03917400000000271,0.04269490000000076
100KB,100000,min_copysets,0.030819300000004546,0.050212900000005334
100KB,100000,min_copysets,0.17622969999999327,0.054059899999998606
100KB,100000,min_copysets,0.038748499999996966,0.04324750000000677
100KB,100000,min_copysets,0.03421240000000125,0.04338039999998955
100KB,100000,min_copysets,0.04512959999999566,0.0521337999999929
100KB,100000,min_copysets,0.04749320000000523,0.04196400000000722
100KB,100000,min_copysets,0.03260610000000952,0.04410369999999375
100KB,100000,min_copysets,0.047620699999995963,0.05409900000000789
100KB,100000,min_copysets,0.05949270000000695,0.04529309999999498
100KB,100000,min_copysets,0.05478589999999883,0.04884640000000218
100KB,100000,min_copysets,0.03815550000000201,0.04476360000001023
100KB,100000,min_copysets,0.030110200000009968,0.06649399999999162
100KB,100000,min_copysets,0.5968370999999877,0.04231889999999794
100KB,100000,min_copysets,0.029556600000006483,0.03997599999999579
100KB,100000,min_copysets,0.057423400000004676,0.04574169999999356
100KB,100000,min_copysets,0.033719700000006014,0.054017799999996896
100KB,100000,min_copysets,0.03245040000000188,0.04296539999999993
100KB,100000,min_copysets,0.025472700000008786,0.05192049999999426
100KB,100000,min_copysets,0.03568080000000862,0.05426050000001226
100KB,100000,min_copysets,0.24302670000000148,0.04346010000000433
100KB,100000,min_copysets,0.03887129999999672,0.04304050000000359
100KB,100000,min_copysets,0.03292679999999848,0.04561010000000465
100KB,100000,min_copysets,0.03487770000000978,0.050134400000004575
100KB,100000,min_copysets,0.3728084000000109,0.042774199999996654
100KB,100000,min_copysets,0.02775060000000451,0.04112469999999746
100KB,100000,min_copysets,0.029695300000000202,0.04195070000000101
100KB,100000,min_copysets,0.1416954999999973,0.05142679999998734
100KB,100000,min_copysets,0.027810000000002333,0.04393100000000061
100KB,100000,min_copysets,0.028611900000001356,0.04320769999999641
100KB,100000,min_copysets,0.03196810000000028,0.04400769999999454
100KB,100000,min_copysets,0.04033110000000306,0.12875939999999275
100KB,100000,min_copysets,0.03227619999999831,0.04908220000000085
100KB,100000,min_copysets,0.0658504000000022,0.043746400000003405
100KB,100000,min_copysets,0.033789200000001074,0.044596800000007875
100KB,100000,min_copysets,0.03966939999999397,0.05418210000000556
100KB,100000,min_copysets,0.10250750000000153,0.047898500000002286
100KB,100000,min_copysets,0.03151700000000801,0.04478170000000148
100KB,100000,min_copysets,0.087701899999999,0.04187740000000417
100KB,100000,min_copysets,0.031402400000004604,0.04070449999998971
100KB,100000,min_copysets,0.03639569999999992,0.04600909999999203
100KB,100000,min_copysets,0.301775400000011,0.05150960000000282
100KB,100000,min_copysets,0.578085399999992,0.05196820000000457
100KB,100000,min_copysets,0.06182169999999587,0.04353890000000149
100KB,100000,min_copysets,0.052267799999995646,0.042992900000001555
100KB,100000,min_copysets,0.036267300000005775,0.052939899999998374
100KB,100000,min_copysets,0.02818939999998804,0.04669919999999195
100KB,100000,min_copysets,0.18757270000000403,0.0492136999999957
100KB,100000,min_copysets,0.3565329000000048,0.04344319999999868
100KB,100000,min_copysets,0.4186743000000206,0.07967569999999569
100KB,100000,min_copysets,0.08314759999998955,0.06251649999998676
100KB,100000,min_copysets,0.1700890000000186,0.05591249999997672
100KB,100000,min_copysets,0.4995915000000082,0.048555300000003854
100KB,100000,min_copysets,0.6539626999999939,0.13250410000000556
100KB,100000,min_copysets,0.13010689999998704,0.05072050000001127
100KB,100000,min_copysets,0.03187209999998686,0.051253199999990784
100KB,100000,min_copysets,0.027501000000000886,0.042296199999981354
100KB,100000,min_copysets,0.10280470000000719,0.05084049999999252
100KB,100000,min_copysets,0.0473965999999848,0.04992720000001327
100KB,100000,min_copysets,0.027381999999988693,0.043985100000014654
100KB,100000,min_copysets,0.025871299999977282,0.05374639999999431
100KB,100000,min_copysets,0.07821849999999131,0.04451919999999632
100KB,100000,min_copysets,0.12330679999999461,0.04828870000000052
100KB,100000,min_copysets,0.08068760000000452,0.05211130000000708
100KB,100000,min_copysets,0.1602602000000104,0.28288600000001907
100KB,100000,min_copysets,0.17020329999999717,0.0888276000000019
100KB,100000,min_copysets,0.1018320000000017,0.0729556999999943
100KB,100000,min_copysets,0.3569768000000124,0.05537029999999277
100KB,100000,min_copysets,0.40296760000001086,0.2734415000000183
100KB,100000,min_copysets,0.21034249999999588,0.07015909999998371
100KB,100000,min_copysets,0.11889360000000693,0.07104229999998779
100KB,100000,min_copysets,0.598068000000012,0.08895590000000198
100KB,100000,min_copysets,0.39520469999999364,0.04371349999999552
100KB,100000,min_copysets,0.11907959999999207,0.2833430000000021
100KB,100000,min_copysets,0.04528349999998227,0.061494600000003175
100KB,100000,min_copysets,0.49978610000002277,0.044082399999979316
100KB,100000,min_copysets,0.13198510000000852,0.0428500000000156
100KB,100000,min_copysets,0.15472549999998364,0.045023200000002817
100KB,100000,min_copysets,0.39675869999999236,0.07755840000001513
100KB,100000,min_copysets,0.47016270000000304,0.2666842999999801
100KB,100000,min_copysets,0.20537219999999934,0.2558666000000187
100KB,100000,min_copysets,0.16426920000000678,0.04553899999999089
100KB,100000,min_copysets,0.24131349999998974,0.21371260000000802
100KB,100000,min_copysets,0.6923937999999907,0.04836710000000721
100KB,100000,min_copysets,0.2600041000000033,0.04240559999999505
100KB,100000,buddy,0.3539528999999959,0.07355069999999841
100KB,100000,buddy,0.03287349999999378,0.040830400000004374
100KB,100000,buddy,0.9320361999999989,0.044207499999998845
100KB,100000,buddy,0.13900999999998476,0.08100239999998848
100KB,100000,buddy,0.23024569999998334,0.0663860000000227
100KB,100000,buddy,0.4177005999999892,0.318731200000002
100KB,100000,buddy,0.2386680000000183,0.09369389999997679
100KB,100000,buddy,0.2601287999999897,0.06552260000000842
100KB,100000,buddy,0.5917075000000125,0.061200500000012426
100KB,100000,buddy,0.4064829000000145,0.21864390000001777
100KB,100000,buddy,0.312493499999988,0.32859909999999104
100KB,100000,buddy,0.09632450000000858,0.05392570000000774
100KB,100000,buddy,0.027391300000005003,0.04841559999999845
100KB,100000,buddy,0.03587160000000722,0.04297740000001227
100KB,100000,buddy,0.030966999999975542,0.04018720000001963
100KB,100000,buddy,0.220456200000001,0.0681611999999916
100KB,100000,buddy,0.7051869999999951,0.0569268000000136
100KB,100000,buddy,0.2746277000000248,0.06025930000001267
100KB,100000,buddy,0.5956059000000096,0.05205429999998046
100KB,100000,buddy,0.938205900000014,0.06113540000001194
100KB,100000,buddy,0.06406990000002111,0.042031799999989516
100KB,100000,buddy,0.1104914000000008,0.04045619999999417
100KB,100000,buddy,0.4020117999999968,0.04791610000000901
100KB,100000,buddy,0.03234050000000366,0.04113090000001307
100KB,100000,buddy,0.0504060000000095,0.041478800000021465
100KB,100000,buddy,0.025295900000003257,0.04304079999999999
100KB,100000,buddy,0.028587899999990896,0.04089250000001243
100KB,100000,buddy,0.02600879999999961,0.04376680000001443
100KB,100000,buddy,0.2693888999999956,0.041122000000001435
100KB,100000,buddy,0.4033202999999901,0.07451580000000035
100KB,100000,buddy,0.397560900000002,0.12480160000001206
100KB,100000,buddy,0.9371449999999868,1.2451420000000155
100KB,100000,buddy,0.029961200000002464,0.15913380000000643
100KB,100000,buddy,0.1633163000000195,0.6353340999999944
100KB,100000,buddy,0.432302199999981,0.3007563000000175
100KB,100000,buddy,0.15069769999999494,0.5541714000000013
100KB,100000,buddy,0.5566761999999983,1.182220000000001
100KB,100000,buddy,0.3543394999999805,0.6560055999999861
100KB,100000,buddy,0.7794467000000225,0.10813439999998309
100KB,100000,buddy,0.17980659999997783,0.11151259999999752
100KB,100000,buddy,1.1593928000000062,0.3482629000000088
100KB,100000,buddy,0.7228135000000009,0.04232149999998569
100KB,100000,buddy,0.5293877000000009,0.12185580000002005
100KB,100000,buddy,0.026499999999998636,0.042290500000007114
100KB,100000,buddy,0.024613799999997354,0.043370100000004186
100KB,100000,buddy,0.026811900000012656,0.040847999999982676
100KB,100000,buddy,0.03557920000000081,0.041270600000018476
100KB,100000,buddy,0.028093799999993507,0.04481020000000058
100KB,100000,buddy,0.02763790000000199,0.052659900000008975
100KB,100000,buddy,0.030477699999977403,0.14594660000000204
100KB,100000,buddy,0.19529289999999833,0.044233499999990045
100KB,100000,buddy,0.6039782999999943,0.12643860000000018
100KB,100000,buddy,0.6331869999999924,0.041164399999985335
100KB,100000,buddy,0.26890059999999494,0.03745490000000018
100KB,100000,buddy,1.1436000999999862,0.04160179999999514
100KB,100000,buddy,0.2152716999999882,0.04586470000000986
100KB,100000,buddy,0.02463910000000169,0.0383019999999874
100KB,100000,buddy,0.02908890000000497,0.039038300000015624
100KB,100000,buddy,0.025844299999988607,0.04442679999999655
100KB,100000,buddy,0.23447909999998728,0.04471499999999651
100KB,100000,buddy,0.751611199999985,0.07698520000002418
100KB,100000,buddy,0.7164479999999855,0.13652580000001535
100KB,100000,buddy,0.6088998000000174,0.3790241000000094
100KB,100000,buddy,0.42243519999999535,0.0523984000000155
100KB,100000,buddy,1.1899555999999905,0.05533429999999839
100KB,100000,buddy,1.3972630000000095,0.2335495000000094
100KB,100000,buddy,0.6027749999999799,0.05147510000000466
100KB,100000,buddy,1.2395653000000095,0.09360939999999118
100KB,100000,buddy,0.5147082999999952,0.2692002000000002
100KB,100000,buddy,0.7264277000000163,0.04025500000000193
100KB,100000,buddy,0.6374123999999881,0.0411147000000085
100KB,100000,buddy,1.6728075999999987,0.06147659999999178
100KB,100000,buddy,1.1921251999999924,0.2096012000000087
100KB,100000,buddy,0.8603686999999809,0.1578967000000091
100KB,100000,buddy,0.9821915999999931,0.05009979999999814
100KB,100000,buddy,0.6122610000000179,0.04118919999999093
100KB,100000,buddy,0.053799400000002606,0.04114950000001727
100KB,100000,buddy,0.42159719999997947,0.04394539999998415
100KB,100000,buddy,0.7935156000000063,0.040079199999979664
100KB,100000,buddy,0.38504539999999565,0.05181809999999132
100KB,100000,buddy,0.14431580000001532,0.04051690000000008
100KB,100000,buddy,0.18830619999999954,0.05205799999998817
100KB,100000,buddy,0.6488164000000154,0.03859329999997385
100KB,100000,buddy,0.0666953999999862,0.04230530000000954
100KB,100000,buddy,0.05174610000000257,0.04477460000001088
100KB,100000,buddy,0.10342919999999367,0.040711799999996856
100KB,100000,buddy,0.14048080000000596,0.05783919999998943
100KB,100000,buddy,0.07361140000000432,0.05224569999998607
100KB,100000,buddy,0.07050820000000613,0.06185469999999782
100KB,100000,buddy,0.04964580000000751,0.038961800000009816
100KB,100000,buddy,0.0835615999999959,0.046794399999981806
100KB,100000,buddy,0.18474759999998014,0.06176410000000487
100KB,100000,buddy,0.07379560000001106,0.04141350000000443
100KB,100000,buddy,0.13853000000000293,0.048225900000005595
100KB,100000,buddy,0.4251734000000056,0.0430388999999991
100KB,100000,buddy,0.10371939999998858,0.042482699999993656
100KB,100000,buddy,0.04858659999999304,0.051833200000004354
100KB,100000,buddy,0.2584803000000022,0.0617027000000121
100KB,100000,buddy,0.048951199999976325,0.038823900000011236
100KB,100000,buddy,0.06798649999998929,0.042749399999991056
1MB,1000000,random,0.550638599999985,0.058779799999996385
1MB,1000000,random,0.5912771000000134,0.05082189999998832
1MB,1000000,random,0.08278029999999603,0.07337060000000406
1MB,1000000,random,0.2782677000000149,0.045706600000016806
1MB,1000000,random,0.0580128000000002,0.14348710000001574
1MB,1000000,random,0.45439550000000395,0.04817950000000337
1MB,1000000,random,0.23399570000000836,0.0524114000000111
1MB,1000000,random,0.18619269999999233,0.05172550000000342
1MB,1000000,random,0.19647789999999077,0.055590899999998555
1MB,1000000,random,0.5625597000000084,0.05363909999999805
1MB,1000000,random,0.11488019999998755,0.04876619999998866
1MB,1000000,random,0.49495659999999475,0.06356940000000577
1MB,1000000,random,0.20669110000000046,0.05631320000000528
1MB,1000000,random,1.0191582999999866,0.04835409999998319
1MB,1000000,random,0.22519189999999867,0.11287609999999404
1MB,1000000,random,1.218363299999993,0.04660099999998124
1MB,1000000,random,0.23615870000000427,0.04719000000000051
1MB,1000000,random,0.15815229999998337,0.06275910000002227
1MB,1000000,random,0.06852499999999395,0.04627689999998097
1MB,1000000,random,0.06261920000000032,0.050255600000014056
1MB,1000000,random,0.09053980000001616,0.051592800000008765
1MB,1000000,random,0.7247512000000143,0.05825330000001827
1MB,1000000,random,0.3043603999999789,0.048024999999995543
1MB,1000000,random,0.593574899999993,0.050803199999990056
1MB,1000000,random,0.06760380000000055,0.058723600000007536
1MB,1000000,random,1.4900177000000099,0.055296199999986584
1MB,1000000,random,0.04982999999998583,0.04987350000001811
1MB,1000000,random,0.06630729999997698,0.056817300000005844
1MB,1000000,random,0.08148650000001112,0.049394400000011274
1MB,1000000,random,0.07428100000001336,0.05881610000000137
1MB,1000000,random,0.2460532999999998,0.06159060000001659
1MB,1000000,random,1.0612924000000135,0.0757052000000158
1MB,1000000,random,0.3530629999999917,0.05279590000000667
1MB,1000000,random,0.6848837000000003,0.0468479999999829
1MB,1000000,random,0.13666960000000472,0.054898699999995415
1MB,1000000,random,0.3793634000000168,0.04661669999998708
1MB,1000000,random,0.17009070000000293,0.060672100000005
1MB,1000000,random,0.7602210000000014,0.052250299999997196
1MB,1000000,random,0.26357090000001904,0.0531449000000066
1MB,1000000,random,0.3595316999999909,0.04730270000001724
1MB,1000000,random,0.6699127999999916,0.056169500000009975
1MB,1000000,random,0.07792259999999374,0.054010699999992084
1MB,1000000,random,1.3860764000000074,0.056354599999991706
1MB,1000000,random,0.2388940999999818,0.06203189999999381
1MB,1000000,random,0.5095011999999883,0.045259900000019115
1MB,1000000,random,0.21421960000000695,0.050134199999973816
1MB,1000000,random,0.06449939999998833,0.15254889999999932
1MB,1000000,random,0.15324169999999526,0.35563199999998574
1MB,1000000,random,0.600264199999998,0.06885940000000801
1MB,1000000,random,0.1290280999999993,0.060335699999995995
1MB,1000000,random,0.32761750000000234,0.0741960000000006
1MB,1000000,random,0.6180870999999968,0.09402959999999894
1MB,1000000,random,0.1377192000000207,0.04836639999999193
1MB,1000000,random,1.0237592000000006,0.05273260000001301
1MB,1000000,random,0.13816099999999665,0.052623799999992116
1MB,1000000,random,0.3170551000000046,0.05951559999999745
1MB,1000000,random,0.410547600000001,0.07415570000000571
1MB,1000000,random,0.06254559999999287,0.04823310000000447
1MB,1000000,random,0.06473189999999818,0.0544337999999982
1MB,1000000,random,0.06270940000001701,0.047450900000001184
1MB,1000000,random,0.4997528000000102,0.05337919999999485
1MB,1000000,random,0.2981093999999871,0.0480651000000023
1MB,1000000,random,0.33317990000000464,0.16013449999999807
1MB,1000000,random,0.4132893999999965,0.04785630000000651
1MB,1000000,random,0.42862610000000245,0.04935370000001171
1MB,1000000,random,0.6475365000000011,0.052984299999991435
1MB,1000000,random,0.5734826000000055,0.0625124000000028
1MB,1000000,random,0.570083899999986,0.05682759999999121
1MB,1000000,random,0.36936099999999783,0.21681639999999902
1MB,1000000,random,0.2488194999999962,0.1283123000000046
1MB,1000000,random,0.2607611000000247,0.22124719999999343
1MB,1000000,random,0.20651390000000447,0.41574410000001194
1MB,1000000,random,0.11018380000001571,0.049500399999999445
1MB,1000000,random,0.21012169999997354,0.22493639999999004
1MB,1000000,random,0.6920671999999968,0.32238430000001017
1MB,1000000,random,0.20867199999997865,0.8051431000000093
1MB,1000000,random,0.5774867000000086,0.5731813999999815
1MB,1000000,random,0.22102390000000582,0.2734638999999959
1MB,1000000,random,0.8533692999999971,0.293498900000003
1MB,1000000,random,0.14510109999997667,0.11227629999999067
1MB,1000000,random,0.14175879999999097,0.09221840000000725
1MB,1000000,random,0.5051215000000013,0.20290710000000445
1MB,1000000,random,0.10477989999998272,0.08669089999997937
1MB,1000000,random,0.25539249999999925,0.16454500000000394
1MB,1000000,random,1.0734019999999873,0.05833640000000173
1MB,1000000,random,0.6266797999999767,0.3434961000000101
1MB,1000000,random,0.08035889999999313,0.2938062000000059
1MB,1000000,random,0.582248600000014,0.21250170000001845
1MB,1000000,random,0.40040310000000545,0.05504919999998492
1MB,1000000,random,0.06914530000000241,0.0541721000000166
1MB,1000000,random,0.06963149999998564,0.05565469999999095
1MB,1000000,random,0.06190219999999158,0.06691090000001054
1MB,1000000,random,0.4141062000000204,0.04896259999998165
1MB,1000000,random,0.20070690000000013,0.05620360000000346
1MB,1000000,random,0.3211111000000244,0.09310489999998595
1MB,1000000,random,0.10411600000000476,0.05021020000000931
1MB,1000000,random,0.7350911999999994,0.046209199999992734
1MB,1000000,random,0.1491015999999945,0.054382500000002665
1MB,1000000,random,0.06488559999999666,0.053227899999996
1MB,1000000,random,0.22029380000000742,0.04748870000000238
1MB,1000000,min_copysets,0.055254399999995485,0.0461093000000119
1MB,1000000,min_copysets,0.07708940000000553,0.06547449999999344
1MB,1000000,min_copysets,0.08153780000000665,0.05103580000002239
1MB,1000000,min_copysets,0.10143700000000422,0.05321010000000115
1MB,1000000,min_copysets,0.085316999999975,0.11093400000001452
1MB,1000000,min_copysets,0.08396379999999226,0.05488010000001964
1MB,1000000,min_copysets,0.3649282000000085,0.055062300000003006
1MB,1000000,min_copysets,0.09743839999998727,0.04777139999998781
1MB,1000000,min_copysets,0.3949726999999825,0.067177700000002
1MB,1000000,min_copysets,0.30316419999999766,0.04785699999999338
1MB,1000000,min_copysets,0.3127785000000074,0.054403399999984
1MB,1000000,min_copysets,0.157800299999991,0.04625279999999066
1MB,1000000,min_copysets,0.218630399999995,0.04647389999999518
1MB,1000000,min_copysets,0.03792219999999702,0.054002299999979186
1MB,1000000,min_copysets,0.4816141000000016,0.049578400000001466
1MB,1000000,min_copysets,0.3936097999999788,0.045069200000000365
1MB,1000000,min_copysets,0.5876456000000019,0.044882799999982126
1MB,1000000,min_copysets,0.17652370000001838,0.05484760000001643
1MB,1000000,min_copysets,0.28402810000000045,0.046337499999992815
1MB,1000000,min_copysets,0.5751421999999877,0.05686239999999998
1MB,1000000,min_copysets,0.21049110000001292,0.046536900000006653
1MB,1000000,min_copysets,0.10164750000001277,0.048026499999991756
1MB,1000000,min_copysets,0.2983226000000059,0.05080490000000282
1MB,1000000,min_copysets,0.14675629999999273,0.07232719999998949
1MB,1000000,min_copysets,0.060786600000000135,0.17408539999999562
1MB,1000000,min_copysets,0.05929380000000606,0.04866359999999759
1MB,1000000,min_copysets,0.8156500999999992,0.04905589999998483
1MB,1000000,min_copysets,0.3797121000000061,0.05867659999998409
1MB,1000000,min_copysets,0.6091027999999881,0.04804759999998964
1MB,1000000,min_copysets,0.6692436999999813,0.045447800000005145
1MB,1000000,min_copysets,0.7235478000000057,0.047689399999995885
1MB,1000000,min_copysets,0.2252584000000013,0.051679899999982126
1MB,1000000,min_copysets,0.40450590000000375,0.054659900000018524
1MB,1000000,min_copysets,0.23609469999999533,0.05457219999999552
1MB,1000000,min_copysets,0.08827420000000075,0.052288399999980584
1MB,1000000,min_copysets,0.07623770000000718,0.05841000000000918
1MB,1000000,min_copysets,0.09882529999998724,0.05995889999999804
1MB,1000000,min_copysets,0.07334080000001109,0.05218770000001882
1MB,1000000,min_copysets,0.46658389999998917,0.04861529999999448
1MB,1000000,min_copysets,0.28507379999999216,0.4821401000000094
1MB,1000000,min_copysets,0.3132273000000225,0.05317239999999401
1MB,1000000,min_copysets,0.28670540000001665,0.05007570000000783
1MB,1000000,min_copysets,0.14401340000000573,0.09022780000000807
1MB,1000000,min_copysets,2.31323789999999,0.09491760000000227
1MB,1000000,min_copysets,0.5092008999999962,0.04970789999998715
1MB,1000000,min_copysets,0.145365599999991,0.043531999999999016
1MB,1000000,min_copysets,0.06236309999997047,0.29544149999998126
1MB,1000000,min_copysets,0.037626899999963825,0.04502220000000534
1MB,1000000,min_copysets,0.0672076999999831,0.12035220000001345
1MB,1000000,min_copysets,0.03766600000000153,0.16407249999997475
1MB,1000000,min_copysets,0.2035983000000101,0.06008370000000696
1MB,1000000,min_copysets,0.09092570000001388,1.448285300000009
1MB,1000000,min_copysets,0.05531199999995806,0.04442210000001978
1MB,1000000,min_copysets,0.5603346000000329,0.04867649999999912
1MB,1000000,min_copysets,0.7359507000000463,0.059518900000000485
1MB,1000000,min_copysets,0.10536339999998745,0.05178519999998343
1MB,1000000,min_copysets,0.12110269999999446,0.04884429999998474
1MB,1000000,min_copysets,0.37006409999997913,0.04817480000002661
1MB,1000000,min_copysets,0.06615829999998368,0.050564799999960997
1MB,1000000,min_copysets,0.11605600000001459,0.05291629999999259
1MB,1000000,min_copysets,0.08875089999997954,0.05307659999999714
1MB,1000000,min_copysets,0.21254850000002534,0.045788800000025276
1MB,1000000,min_copysets,0.38271249999996826,0.05270159999997759
1MB,1000000,min_copysets,0.5052375000000211,0.048472000000003845
1MB,1000000,min_copysets,0.265882500000032,0.04979579999996986
1MB,1000000,min_copysets,0.24523360000000594,0.05979459999997516
1MB,1000000,min_copysets,0.35044119999997747,0.04754909999996926
1MB,1000000,min_copysets,0.19617479999999432,0.05089709999998604
1MB,1000000,min_copysets,0.05755040000002509,0.05979279999996834
1MB,1000000,min_copysets,0.41789099999999735,0.054291200000022855
1MB,1000000,min_copysets,0.08884189999997716,0.04840189999998756
1MB,1000000,min_copysets,0.11694610000000694,0.055470500000012635
1MB,1000000,min_copysets,0.11853039999999737,0.0495331000000192
1MB,1000000,min_copysets,0.7041509000000019,0.050362399999983154
1MB,1000000,min_copysets,0.06818470000001753,0.04854449999999133
1MB,1000000,min_copysets,0.07979260000001887,0.06345410000000129
1MB,1000000,min_copysets,0.17950459999997292,0.05000430000001188
1MB,1000000,min_copysets,3.4827050999999756,0.05467149999998355
1MB,1000000,min_copysets,0.1845796000000064,0.08616680000000088
1MB,1000000,min_copysets,1.4807965999999624,0.05970569999999498
1MB,1000000,min_copysets,0.21898410000000013,0.05159529999997403
1MB,1000000,min_copysets,0.2809381000000144,0.04793050000000676
1MB,1000000,min_copysets,0.11523449999998547,0.053831200000047374
1MB,1000000,min_copysets,0.8112650000000485,0.04769200000004048
1MB,1000000,min_copysets,0.1469820000000368,0.049380699999971966
1MB,1000000,min_copysets,0.08606309999998984,0.05264719999996714
1MB,1000000,min_copysets,0.07471770000000788,0.05048369999997249
1MB,1000000,min_copysets,0.06330489999999145,0.054599499999994805
1MB,1000000,min_copysets,0.060879899999974896,0.054624600000011014
1MB,1000000,min_copysets,0.6593817000000399,0.0509394000000043
1MB,1000000,min_copysets,0.40240099999999757,0.053852199999994355
1MB,1000000,min_copysets,0.16957550000000765,0.052915699999971366
1MB,1000000,min_copysets,0.28885330000002796,0.05319830000001957
1MB,1000000,min_copysets,0.5875407999999993,0.04758359999999584
1MB,1000000,min_copysets,0.12090140000003657,0.1567625999999791
1MB,1000000,min_copysets,0.039632799999992585,0.06377069999996365
1MB,1000000,min_copysets,0.03754650000001902,0.04551839999999174
1MB,1000000,min_copysets,0.04513359999998556,0.05102510000000393
1MB,1000000,min_copysets,0.03834690000002183,0.04862630000002355
1MB,1000000,min_copysets,0.0370548999999869,0.05457169999999678
1MB,1000000,buddy,0.03847760000002154,0.050537800000029165
1MB,1000000,buddy,0.038168499999983396,0.05309379999999919
1MB,1000000,buddy,0.048949499999991986,0.056753500000013446
1MB,1000000,buddy,0.044788900000014564,0.04567050000002837
1MB,1000000,buddy,0.051292700000033165,0.04963980000002266
1MB,1000000,buddy,0.05131550000004381,0.06022790000002942
1MB,1000000,buddy,0.19361050000003388,0.06196359999995593
1MB,1000000,buddy,0.5939250999999786,0.5093702000000349
1MB,1000000,buddy,0.10406399999999394,0.04709700000000794
1MB,1000000,buddy,0.04180630000001884,0.05220600000001241
1MB,1000000,buddy,0.09634079999995038,0.05266199999999799
1MB,1000000,buddy,0.4556063999999651,0.05576819999998861
1MB,1000000,buddy,0.42672290000001567,0.25694899999996323
1MB,1000000,buddy,0.0437090000000353,0.10413529999999582
1MB,1000000,buddy,0.042561799999987215,0.05868209999999863
1MB,1000000,buddy,0.04682520000000068,0.05214819999997644
1MB,1000000,buddy,0.061218300000007275,0.05070359999996299
1MB,1000000,buddy,0.07665449999996099,0.049285100000020066
1MB,1000000,buddy,0.03604059999997844,0.04900040000001127
1MB,1000000,buddy,0.1630908000000204,0.05793240000002697
1MB,1000000,buddy,0.5025143999999955,0.048087500000008276
1MB,1000000,buddy,2.0859747000000084,0.3850754999999708
1MB,1000000,buddy,0.037087499999984175,0.04944269999998596
1MB,1000000,buddy,0.03501579999999649,0.04754600000001119
1MB,1000000,buddy,0.034901200000035715,0.06287279999997963
1MB,1000000,buddy,0.035697400000003654,0.04518060000003743
1MB,1000000,buddy,0.036688800000035826,0.046585599999957594
1MB,1000000,buddy,0.04076440000000048,0.06252430000000686
1MB,1000000,buddy,0.03661329999999907,0.049118399999997564
1MB,1000000,buddy,0.03690249999999651,0.05180400000000418
1MB,1000000,buddy,0.14185839999998962,0.050281600000005255
1MB,1000000,buddy,0.04311799999999266,0.050153099999988626
1MB,1000000,buddy,0.03939270000000761,0.05159439999999904
1MB,1000000,buddy,0.05602389999995694,0.057451300000025185
1MB,1000000,buddy,0.1695444000000066,0.05150900000001002
1MB,1000000,buddy,0.04505699999998569,0.04978779999999006
1MB,1000000,buddy,0.08636139999998704,0.057756799999992836
1MB,1000000,buddy,0.15847930000001043,0.050747499999999945
1MB,1000000,buddy,0.25187539999996034,0.047357199999964905
1MB,1000000,buddy,0.0383244000000218,0.04982540000003155
1MB,1000000,buddy,0.0440712999999846,0.047775200000046425
1MB,1000000,buddy,0.042857299999980114,0.05444849999997814
1MB,1000000,buddy,0.03570510000002969,0.050733699999966575
1MB,1000000,buddy,0.62817670000004,0.13124740000000656
1MB,1000000,buddy,0.04536990000002561,0.14517840000002025
1MB,1000000,buddy,0.04694890000001806,0.6980278999999996
1MB,1000000,buddy,0.0370452999999884,0.04653360000003204
1MB,1000000,buddy,0.03807930000004944,0.05205269999999018
1MB,1000000,buddy,0.04296670000002223,0.050746399999979985
1MB,1000000,buddy,0.19019109999999273,0.18070610000000897
1MB,1000000,buddy,0.044551899999987654,0.05187490000002981
1MB,1000000,buddy,0.035628200000019206,0.29771279999999933
1MB,1000000,buddy,0.11753749999996899,0.05219679999999016
1MB,1000000,buddy,0.2112925000000132,0.048833399999978155
1MB,1000000,buddy,0.03563560000003463,0.049309100000016315
1MB,1000000,buddy,0.035816499999953066,0.05410940000001574
1MB,1000000,buddy,0.10468179999998029,0.04944890000001578
1MB,1000000,buddy,0.29162970000004407,0.04645700000003217
1MB,1000000,buddy,0.32437419999996564,0.04468650000001162
1MB,1000000,buddy,0.037824000000000524,0.04929549999997107
1MB,1000000,buddy,0.03440880000005109,0.05132850000001099
1MB,1000000,buddy,0.039233299999978044,0.0541321000000039
1MB,1000000,buddy,0.03642419999999902,0.045565300000021125
1MB,1000000,buddy,0.04638900000003332,0.047381700000016735
1MB,1000000,buddy,0.04406010000002425,0.05123159999999416
1MB,1000000,buddy,0.035942199999965396,0.04555119999997714
1MB,1000000,buddy,0.039273400000013226,0.05656809999999268
1MB,1000000,buddy,0.26534980000002406,0.04475769999999102
1MB,1000000,buddy,0.03800100000000839,0.04495200000002342
1MB,1000000,buddy,0.04314279999999826,0.05113360000001421
1MB,1000000,buddy,0.052675499999963904,0.05099400000000287
1MB,1000000,buddy,0.03725939999998218,0.052033300000005056
1MB,1000000,buddy,0.04666760000003478,0.16527820000004567
1MB,1000000,buddy,0.4879179999999792,0.04832499999997708
1MB,1000000,buddy,0.11059800000003861,0.04484949999999799
1MB,1000000,buddy,0.2134556000000316,0.05167290000002822
1MB,1000000,buddy,0.03494290000003275,0.045345800000006875
1MB,1000000,buddy,0.2728601000000026,0.37643070000001444
1MB,1000000,buddy,0.034595500000023094,0.04883100000000695
1MB,1000000,buddy,0.4612137999999959,0.04487520000003542
1MB,1000000,buddy,0.03542459999999892,0.04926210000002129
1MB,1000000,buddy,0.12577139999996234,0.06904550000001564
1MB,1000000,buddy,0.03754119999996419,0.048446800000021994
1MB,1000000,buddy,0.04063370000000077,0.0537714999999821
1MB,1000000,buddy,0.04971479999994699,0.060928400000022975
1MB,1000000,buddy,0.31887260000002016,0.04888570000002801
1MB,1000000,buddy,0.03797500000001719,0.05627479999998286
1MB,1000000,buddy,0.04131830000000036,0.055165100000010625
1MB,1000000,buddy,0.05254459999997607,0.054261899999971774
1MB,1000000,buddy,0.04649749999998676,0.06286310000001549
1MB,1000000,buddy,0.21877250000000004,0.052685600000017985
1MB,1000000,buddy,0.03823979999998528,0.047258800000008705
1MB,1000000,buddy,0.03746960000000854,0.04684909999997444
1MB,1000000,buddy,1.907833700000026,0.38037779999996246
1MB,1000000,buddy,0.041747200000031626,0.04561780000000226
1MB,1000000,buddy,0.03453679999995529,0.04701349999999138
1MB,1000000,buddy,0.038212799999996605,0.1071882000000528
1MB,1000000,buddy,0.03724979999998368,0.04710669999997208
1MB,1000000,buddy,0.0375227000000109,0.04977769999999282
1MB,1000000,buddy,0.041633900000022095,0.07192759999998088
10MB,10000000,random,0.23953729999999496,0.10455130000002555
10MB,10000000,random,0.425581300000033,0.3947726999999759
10MB,10000000,random,0.5867518999999675,0.20285630000000765
10MB,10000000,random,1.8033997,0.2012316999999939
10MB,10000000,random,0.7603530999999748,0.10735389999996414
10MB,10000000,random,0.1877507000000378,0.8688223999999991
10MB,10000000,random,1.0356368000000202,0.908140899999978
10MB,10000000,random,1.4802693999999974,0.2930218999999852
10MB,10000000,random,0.5721050000000218,1.174232399999994
10MB,10000000,random,0.6275936999999772,0.14501490000003514
10MB,10000000,random,0.9146092000000294,1.0442807000000016
10MB,10000000,random,0.9344899999999825,0.09713379999999461
10MB,10000000,random,0.8968626000000199,1.3221037999999794
10MB,10000000,random,0.8572842000000378,0.10819770000000517
10MB,10000000,random,0.6766352000000211,1.4478548999999816
10MB,10000000,random,0.602075100000036,0.09788639999999305
10MB,10000000,random,1.1311871000000338,0.6736477999999693
10MB,10000000,random,0.9730973000000063,0.11064440000001241
10MB,10000000,random,0.8499464000000216,0.13682799999997997
10MB,10000000,random,0.7890272000000209,1.42590899999999
10MB,10000000,random,1.1434658000000013,0.25998480000004065
10MB,10000000,random,0.5443875000000276,0.890137999999979
10MB,10000000,random,0.35635899999999765,0.10058470000001307
10MB,10000000,random,1.9839081999999735,0.09981399999998075
10MB,10000000,random,0.7725870000000441,0.1026433000000111
10MB,10000000,random,1.215951500000017,0.10450539999999364
10MB,10000000,random,2.2782002000000148,0.11404320000002599
10MB,10000000,random,1.386971600000038,0.11036580000001095
10MB,10000000,random,1.8292056999999886,0.1289980999999898
10MB,10000000,random,0.6262301000000434,0.09940249999999651
10MB,10000000,random,0.666868500000021,0.6997113999999556
10MB,10000000,random,1.5443769999999972,0.10682329999997364
10MB,10000000,random,1.6758679000000143,0.2943321999999853
10MB,10000000,random,0.7447181,0.09613630000001194
10MB,10000000,random,2.0262541999999826,0.14312410000002274
10MB,10000000,random,0.6302798000000394,0.726231499999983
10MB,10000000,random,1.0376813999999968,0.10080779999998413
10MB,10000000,random,1.036633600000016,0.1909497999999985
10MB,10000000,random,1.6394966999999951,0.18592080000001943
10MB,10000000,random,0.4832092999999986,0.28747540000000527
10MB,10000000,random,1.1445989000000054,0.17421749999999747
10MB,10000000,random,0.9534361000000331,0.14820890000004283
10MB,10000000,random,0.9001038000000108,0.09707099999997126
10MB,10000000,random,0.8693202000000042,0.10178859999996348
10MB,10000000,random,1.073754000000008,0.4358336999999892
10MB,10000000,random,0.931531600000028,0.10098169999997708
10MB,10000000,random,1.0160070000000019,0.4074377000000027
10MB,10000000,random,0.8455379999999764,1.2956177000000366
10MB,10000000,random,1.0889928000000282,0.1688498999999979
10MB,10000000,random,1.5708338999999683,0.09726669999997739
10MB,10000000,random,0.209102200000018,0.09840120000001207
10MB,10000000,random,2.2184988000000203,2.0162406000000033
10MB,10000000,random,0.17768330000001242,0.10625559999999723
10MB,10000000,random,0.2893695000000207,0.2465637999999899
10MB,10000000,random,0.4452368999999976,0.1549708999999666
10MB,10000000,random,1.4479770000000372,0.14264070000001539
10MB,10000000,random,0.49662499999999454,0.1662052999999446
10MB,10000000,random,1.6514135000000465,0.1866024000000266
10MB,10000000,random,0.35020769999999857,0.09793509999997241
10MB,10000000,random,1.3181778999999665,0.3220097000000237
10MB,10000000,random,1.2730748000000176,0.12517460000003666
10MB,10000000,random,0.24441550000000234,1.3209240999999565
10MB,10000000,random,0.5296285999999668,0.8686131000000046
10MB,10000000,random,0.38095570000001544,0.3152627000000052
10MB,10000000,random,0.1707746999999813,0.09794260000001032
10MB,10000000,random,1.7853728999999703,0.13193350000000237
10MB,10000000,random,0.5732462999999939,0.1368060000000355
10MB,10000000,random,1.1833320000000072,0.22758269999997083
10MB,10000000,random,1.162987199999975,0.22226940000001605
10MB,10000000,random,0.47089979999998377,0.09514219999999796
10MB,10000000,random,3.061159900000007,0.188957500000015
10MB,10000000,random,0.7703371999999717,0.10037529999999606
10MB,10000000,random,1.5381628000000092,0.10045500000001084
10MB,10000000,random,1.9726852000000008,0.5488136000000168
10MB,10000000,random,0.6398330999999757,0.10988329999997859
10MB,10000000,random,1.7520489999999995,0.42727960000001985
10MB,10000000,random,0.5517613999999753,0.10138580000000275
10MB,10000000,random,1.624046299999975,0.3092148999999722
10MB,10000000,random,0.7858474999999885,0.13174920000000157
10MB,10000000,random,0.9512421000000018,0.28911030000000437
10MB,10000000,random,1.9095286000000442,0.18519039999995357
10MB,10000000,random,0.8730968000000416,0.22183890000002293
10MB,10000000,random,0.6774364999999989,0.18182070000000294
10MB,10000000,random,0.6690686999999684,0.09611489999997502
10MB,10000000,random,1.7018375000000106,0.11303500000002487
10MB,10000000,random,3.1217289000000505,0.09625239999996893
10MB,10000000,random,0.1637145999999916,0.10157279999998536
10MB,10000000,random,0.35910739999997077,0.17328899999995429
10MB,10000000,random,0.4849433999999633,0.0987271999999848
10MB,10000000,random,1.1148253000000068,0.10055149999999458
10MB,10000000,random,0.5595091999999795,0.4113904999999818
10MB,10000000,random,0.94051189999999,0.2998863999999912
10MB,10000000,random,1.6417756000000168,0.12163509999999178
10MB,10000000,random,0.27151179999998476,0.10743980000000874
10MB,10000000,random,0.48869600000000446,1.0388350999999716
10MB,10000000,random,0.3538571999999931,0.13441449999999122
10MB,10000000,random,0.560506499999974,0.10598270000002685
10MB,10000000,random,1.6712232999999515,0.3544284000000175
10MB,10000000,random,0.22742099999999255,0.14150159999996959
10MB,10000000,random,1.7361406999999645,0.09936709999999493
10MB,10000000,min_copysets,0.1975979000000052,0.11152540000000499
10MB,10000000,min_copysets,0.18919360000001006,0.12440720000000738
10MB,10000000,min_copysets,0.35939869999998564,0.5657846000000291
10MB,10000000,min_copysets,0.9138489999999706,0.10012679999999818
10MB,10000000,min_copysets,1.021962999999971,0.16428780000001098
10MB,10000000,min_copysets,1.5770317000000205,0.2453103000000283
10MB,10000000,min_copysets,1.275178799999992,0.20857749999998987
10MB,10000000,min_copysets,0.8905286999999475,0.10800619999997707
10MB,10000000,min_copysets,5.430122200000028,0.09863349999994853
10MB,10000000,min_copysets,0.16423800000001165,0.10138760000000957
10MB,10000000,min_copysets,0.9143349999999941,0.8020724999999516
10MB,10000000,min_copysets,0.21267940000001317,0.1232794999999669
10MB,10000000,min_copysets,0.2235248999999726,0.09590020000001687
10MB,10000000,min_copysets,1.2613205999999764,0.10205410000003212
10MB,10000000,min_copysets,0.9640866000000301,0.14832059999997682
10MB,10000000,min_copysets,0.3577946000000338,0.9266111000000024
10MB,10000000,min_copysets,1.7760772999999972,0.0982370000000401
10MB,10000000,min_copysets,0.5298452999999768,0.09860589999999547
10MB,10000000,min_copysets,0.177517899999998,0.6467867999999726
10MB,10000000,min_copysets,1.5141770000000179,0.1455118000000084
10MB,10000000,min_copysets,0.8681000000000267,1.1378733000000238
10MB,10000000,min_copysets,0.6477775000000179,0.40705049999996845
10MB,10000000,min_copysets,1.1589129000000185,0.16816640000001826
10MB,10000000,min_copysets,0.9581380999999851,0.22407120000002578
10MB,10000000,min_copysets,1.017998700000021,1.5146434000000113
10MB,10000000,min_copysets,1.1290794000000233,0.35687319999999545
10MB,10000000,min_copysets,1.2054595000000177,0.12967290000000276
10MB,10000000,min_copysets,0.17286949999999024,0.0976368999999977
10MB,10000000,min_copysets,1.4022588999999925,0.09480469999999741
10MB,10000000,min_copysets,1.3610583999999903,0.4539131000000225
10MB,10000000,min_copysets,0.615285799999981,0.17080299999997806
10MB,10000000,min_copysets,2.578680899999995,0.0995317
10MB,10000000,min_copysets,0.16941939999998112,0.15610950000001367
10MB,10000000,min_copysets,0.7560995000000048,0.0928667999999675
10MB,10000000,min_copysets,4.474715900000035,0.10318640000002688
10MB,10000000,min_copysets,0.1748190000000136,0.0977052999999728
10MB,10000000,min_copysets,0.25100679999997055,0.3617252000000235
10MB,10000000,min_copysets,1.3636915999999815,0.1005064999999945
10MB,10000000,min_copysets,0.2891877000000136,0.09893219999997882
10MB,10000000,min_copysets,0.19912269999997534,0.20694800000001123
10MB,10000000,min_copysets,1.8845008999999777,0.10971949999998287
10MB,10000000,min_copysets,0.8895099999999729,1.1699897000000306
10MB,10000000,min_copysets,0.6921887999999967,0.1866378999999938
10MB,10000000,min_copysets,0.26001819999999043,0.45703559999998333
10MB,10000000,min_copysets,1.4406616999999642,0.64193929999999
10MB,10000000,min_copysets,0.7891265999999746,0.09440039999998362
10MB,10000000,min_copysets,1.505644899999993,0.4697287999999844
10MB,10000000,min_copysets,1.0531131999999843,0.2353099000000043
10MB,10000000,min_copysets,0.1818726000000197,0.21751660000001038
10MB,10000000,min_copysets,1.641719500000022,0.2813820000000078
10MB,10000000,min_copysets,0.44580740000003516,1.4912120999999843
10MB,10000000,min_copysets,2.0893504000000007,0.28290120000002617
10MB,10000000,min_copysets,0.6259312999999906,0.10841060000001335
10MB,10000000,min_copysets,0.16447770000002038,0.1045177000000308
10MB,10000000,min_copysets,1.9656078000000434,0.09902230000000145
10MB,10000000,min_copysets,0.5577612999999815,0.16908789999996543
10MB,10000000,min_copysets,1.8041345999999976,0.11374340000008942
10MB,10000000,min_copysets,0.700086400000032,0.19237570000007054
10MB,10000000,min_copysets,5.390888300000029,0.09638350000000173
10MB,10000000,min_copysets,0.1957962999999836,0.10595630000000256
10MB,10000000,min_copysets,0.18340250000005653,0.9191564999999855
10MB,10000000,min_copysets,0.5567168000000038,0.12424989999999525
10MB,10000000,min_copysets,1.0027792999999292,0.47018370000000687
10MB,10000000,min_copysets,0.3505051000000776,0.1003273999999692
10MB,10000000,min_copysets,0.7596362000000454,0.22849089999999705
10MB,10000000,min_copysets,1.014911600000005,0.1014353000000483
10MB,10000000,min_copysets,1.1428668000000926,0.42434050000008483
10MB,10000000,min_copysets,0.5618815000000268,0.10176820000003772
10MB,10000000,min_copysets,1.38341319999995,0.6167712000000165
10MB,10000000,min_copysets,0.37724460000004,0.1006144000000404
10MB,10000000,min_copysets,1.372879600000033,0.09604520000004868
10MB,10000000,min_copysets,0.44139960000006795,0.2019162999999935
10MB,10000000,min_copysets,1.5285349000000679,0.10871520000000601
10MB,10000000,min_copysets,0.19120359999999437,0.1894664000000148
10MB,10000000,min_copysets,1.6197293999999829,0.09726089999992382
10MB,10000000,min_copysets,0.7469631000000163,0.10795650000000023
10MB,10000000,min_copysets,1.8532041999999365,0.46351640000000316
10MB,10000000,min_copysets,0.9910292000000709,0.2854721999999583
10MB,10000000,min_copysets,0.8157864999999447,0.29383450000000266
10MB,10000000,min_copysets,2.472474200000079,0.1776140999999143
10MB,10000000,min_copysets,0.7679835999999796,0.21700290000001132
10MB,10000000,min_copysets,2.3530245000000605,0.15649930000006407
10MB,10000000,min_copysets,0.6322687000000542,1.4772727000000714
10MB,10000000,min_copysets,0.9143273000000818,0.21101680000003853
10MB,10000000,min_copysets,0.575030599999991,0.17686200000002827
10MB,10000000,min_copysets,0.7645531000000574,0.40436290000002373
10MB,10000000,min_copysets,2.471647399999938,0.23537580000004255
10MB,10000000,min_copysets,0.5226767000000336,0.20251070000006166
10MB,10000000,min_copysets,1.7663393999999926,0.39821760000006634
10MB,10000000,min_copysets,0.4620933999999579,0.48642560000007506
10MB,10000000,min_copysets,3.297237300000006,0.43335209999997915
10MB,10000000,min_copysets,0.46025780000002214,0.37422749999996086
10MB,10000000,min_copysets,0.5466057000001001,0.09385180000003857
10MB,10000000,min_copysets,1.4240932000000157,0.10919279999995979
10MB,10000000,min_copysets,0.18726249999997435,0.1465731999999207
10MB,10000000,min_copysets,0.41363079999996444,0.12036539999996876
10MB,10000000,min_copysets,1.5501077000000123,1.173221300000023
10MB,10000000,min_copysets,0.4752548000000161,0.10532760000000962
10MB,10000000,min_copysets,1.0470388999999614,0.18127430000004097
10MB,10000000,min_copysets,1.5666846999999962,0.17931950000001962
10MB,10000000,buddy,0.1627558999999792,0.10795589999997901
10MB,10000000,buddy,0.205666400000041,0.11661390000006122
10MB,10000000,buddy,5.5077488000000585,0.10441399999990608
10MB,10000000,buddy,0.42828640000004725,0.1550721999999496
10MB,10000000,buddy,0.40599199999996927,0.10258980000003248
10MB,10000000,buddy,0.6730883999999833,0.1388852999999699
10MB,10000000,buddy,0.6050331999999798,0.26962409999998727
10MB,10000000,buddy,0.909627300000011,0.4779807999999548
10MB,10000000,buddy,1.5356921999999713,0.23264180000001033
10MB,10000000,buddy,0.48668750000001637,0.20436469999992823
10MB,10000000,buddy,2.2116872000000285,0.3247500999999602
10MB,10000000,buddy,0.5039943999998968,0.25291680000009364
10MB,10000000,buddy,1.9648899000000029,0.10258980000003248
10MB,10000000,buddy,1.31957460000001,0.2816888000000972
10MB,10000000,buddy,1.5109929000000193,0.12377369999990151
10MB,10000000,buddy,0.8081793000000062,0.09838079999997262
10MB,10000000,buddy,0.4309276999999838,0.6656933000000436
10MB,10000000,buddy,2.0654848000000356,0.3999099999999771
10MB,10000000,buddy,0.523549199999934,0.7092096000000083
10MB,10000000,buddy,0.474134499999991,0.09796190000008664
10MB,10000000,buddy,1.2907604000000674,0.20863660000009077
10MB,10000000,buddy,0.8686673999999357,0.17050059999996847
10MB,10000000,buddy,1.7160363999998935,0.10278530000005048
10MB,10000000,buddy,0.6810384999999997,0.3257426000000123
10MB,10000000,buddy,0.9602720999999974,0.26022409999995944
10MB,10000000,buddy,0.821756100000016,0.228210200000035
10MB,10000000,buddy,1.6213242000000037,0.1834204999998974
10MB,10000000,buddy,0.31945710000002236,0.3255775000000085
10MB,10000000,buddy,1.5412526999999727,0.18415820000006988
10MB,10000000,buddy,0.8454205000000456,0.3851342000000386
10MB,10000000,buddy,1.8199582000000873,0.36783889999992425
10MB,10000000,buddy,0.6355916999999636,0.2588392999999769
10MB,10000000,buddy,0.39084650000006604,0.4252982000000429
10MB,10000000,buddy,2.0772736000000123,0.09531440000000657
10MB,10000000,buddy,0.6094894000000295,0.8250044999999773
10MB,10000000,buddy,2.140338100000008,0.20617300000003524
10MB,10000000,buddy,0.7261470000000827,0.09737900000004629
10MB,10000000,buddy,3.8254038000000037,0.11867500000005293
10MB,10000000,buddy,0.181345599999986,0.11194530000000213
10MB,10000000,buddy,0.5972644999999375,0.1345897999999579
10MB,10000000,buddy,0.5104453000000149,0.38080330000002505
10MB,10000000,buddy,1.8919464000000517,0.5641121999999541
10MB,10000000,buddy,0.8248565000000099,0.26594250000005104
10MB,10000000,buddy,0.7524427999999261,0.2637105999999676
10MB,10000000,buddy,0.7266432000000123,0.09680730000002313
10MB,10000000,buddy,1.2395482000000584,0.3324367999999822
10MB,10000000,buddy,0.2916300000000547,0.22228260000008504
10MB,10000000,buddy,2.039562799999999,0.15165920000004007
10MB,10000000,buddy,1.665703800000074,0.12806109999996806
10MB,10000000,buddy,0.5626333000000159,0.1013229999999794
10MB,10000000,buddy,2.3479826999999887,0.09925759999998718
10MB,10000000,buddy,0.9478077999999641,0.1048052999999527
10MB,10000000,buddy,1.3513951000001043,0.423850800000082
10MB,10000000,buddy,0.9879760999999689,0.15652990000000955
10MB,10000000,buddy,2.0109533999999485,0.1550608000000011
10MB,10000000,buddy,1.0255104999999958,0.16720910000003641
10MB,10000000,buddy,0.32196590000000924,0.09697180000000571
10MB,10000000,buddy,1.9992314000000988,0.25868869999999333
10MB,10000000,buddy,1.145171199999936,0.17501770000001216
10MB,10000000,buddy,1.497257599999898,0.1395850999999766
10MB,10000000,buddy,0.833326399999919,0.10119429999997465
10MB,10000000,buddy,1.5773260000000846,0.20664510000005976
10MB,10000000,buddy,1.4119041000000152,0.12756519999993543
10MB,10000000,buddy,0.7052964999999176,0.8888915999999654
10MB,10000000,buddy,0.8400244000000612,0.13057770000000346
10MB,10000000,buddy,0.237940799999933,0.3743076000000656
10MB,10000000,buddy,1.6990646999998944,0.15637839999999414
10MB,10000000,buddy,0.5808239999998932,0.09927219999997305
10MB,10000000,buddy,1.6247023999999328,0.1231738999999834
10MB,10000000,buddy,0.6212954000000082,0.10158080000007885
10MB,10000000,buddy,1.413109200000008,0.2658522000000403
10MB,10000000,buddy,0.7404764999999998,0.1098515999999563
10MB,10000000,buddy,1.6468270999999959,0.1565823000000819
10MB,10000000,buddy,1.3429565000000139,0.10871520000000601
10MB,10000000,buddy,0.18113180000000284,0.1039351000000579
10MB,10000000,buddy,2.017185399999903,0.1551240000000007
10MB,10000000,buddy,0.3189208999999664,0.10548999999991793
10MB,10000000,buddy,1.1434187000000975,0.1715616000000182
10MB,10000000,buddy,0.507961200000068,0.5163852000000588
10MB,10000000,buddy,1.1730277999999998,0.10364210000000185
10MB,10000000,buddy,0.6784246999999368,0.09599400000001879
10MB,10000000,buddy,2.1385497000001124,0.1036712999999736
10MB,10000000,buddy,0.6313911999999391,0.18645850000007158
10MB,10000000,buddy,1.7043266000000585,0.1971622999999454
10MB,10000000,buddy,0.4579448000000639,0.10242349999998623
10MB,10000000,buddy,2.2433004999999184,0.09850789999995868
10MB,10000000,buddy,0.9492585000000417,0.09714059999998881
10MB,10000000,buddy,1.5431010999999444,0.11131649999992987
10MB,10000000,buddy,0.6287909999999783,0.10425889999999072
10MB,10000000,buddy,1.5024243000000297,0.2488416999999572
10MB,10000000,buddy,1.7253032999999505,0.27349739999999656
10MB,10000000,buddy,1.0529202999999825,0.09674560000007659
10MB,10000000,buddy,0.4995015000000649,0.1681505000000243
10MB,10000000,buddy,2.8086997999999994,0.1053618999999344
10MB,10000000,buddy,1.3484271000000945,0.13900489999991805
10MB,10000000,buddy,0.32626650000008794,0.1687025999999605
10MB,10000000,buddy,1.9855389999999034,0.286461700000018
10MB,10000000,buddy,0.1849297999999635,0.275224699999967
10MB,10000000,buddy,1.0537173000000166,0.10888260000001537
10MB,10000000,buddy,0.9087005999999747,0.09470989999999802
100MB,100000000,random,19.874832999999967,3.6487355000000434
100MB,100000000,random,24.133731099999977,3.709779700000013
100MB,100000000,random,22.391709800000058,4.540454199999999
100MB,100000000,random,22.47351619999995,6.188056399999937
100MB,100000000,random,29.440914499999963,3.3295669000000316
100MB,100000000,random,21.476580499999955,6.5994543999999
100MB,100000000,random,21.126016400000026,5.658507899999904
100MB,100000000,random,21.674398500000052,6.137674600000082
100MB,100000000,random,29.450220899999977,5.784841799999981
100MB,100000000,random,22.74092840000003,5.62291330000005
100MB,100000000,random,22.371792799999866,7.0835869
100MB,100000000,random,24.59920309999984,5.1002174000000196
100MB,100000000,random,25.65052999999989,6.426770600000054
100MB,100000000,random,21.37278820000006,4.738301000000092
100MB,100000000,random,29.061142899999822,10.439122600000019
100MB,100000000,random,19.030178100000057,7.802778400000079
100MB,100000000,random,13.800080200000139,1.5665481999999429
100MB,100000000,random,20.083070299999918,3.861547499999915
100MB,100000000,random,24.632324700000026,5.63975019999998
100MB,100000000,random,27.17055469999991,7.698603700000149
100MB,100000000,random,21.78547649999996,4.14494169999989
100MB,100000000,random,23.108390599999893,6.811515500000041
100MB,100000000,random,20.47321850000003,3.525523999999905
100MB,100000000,random,18.884085200000072,5.668725800000175
100MB,100000000,random,26.98924430000011,2.688492700000097
100MB,100000000,random,10.691804000000047,2.6520953000001555
100MB,100000000,random,11.028446499999973,2.0358905999999024
100MB,100000000,random,15.15780030000019,2.5016659000000345
100MB,100000000,random,20.132095000000163,4.321269600000051
100MB,100000000,random,18.79109459999995,3.6229984999999942
100MB,100000000,random,21.323279400000047,4.005192900000111
100MB,100000000,random,14.265247999999929,3.6052406999999675
100MB,100000000,random,18.780474400000003,2.9120726999999533
100MB,100000000,random,13.38930500000015,3.670190699999921
100MB,100000000,random,13.889565300000186,4.822970399999804
100MB,100000000,random,17.285818800000015,4.567673700000114
100MB,100000000,random,19.39626640000006,3.4649368000000322
100MB,100000000,random,10.37722470000017,1.6740058000000317
100MB,100000000,random,20.303863299999875,4.634973799999898
100MB,100000000,random,17.62034749999998,4.093192699999918
100MB,100000000,random,13.953783299999941,4.468109600000162
100MB,100000000,random,18.1830688,4.851672600000029
100MB,100000000,random,18.42324510000003,2.798533000000134
100MB,100000000,random,19.677220900000066,8.621426400000018
100MB,100000000,random,32.29866470000002,2.7916596000000027
100MB,100000000,random,13.874967200000128,3.2146834000000126
100MB,100000000,random,13.899112500000001,1.3266849999999977
100MB,100000000,random,13.345436199999995,2.311666599999853
100MB,100000000,random,13.434420000000046,2.760708700000123
100MB,100000000,random,13.368086799999901,2.322949000000108
100MB,100000000,random,14.881483200000048,3.2848128000000543
100MB,100000000,random,14.183842300000151,3.1795481000001473
100MB,100000000,random,32.114797899999985,4.912848499999882
100MB,100000000,random,17.502975500000048,5.1978231000000505
100MB,100000000,random,23.351245400000153,15.376171099999738
100MB,100000000,random,23.68262330000016,6.950390399999833
100MB,100000000,random,29.146233200000097,6.9897273000001405
100MB,100000000,random,15.13751110000021,3.898653100000047
100MB,100000000,random,15.619065899999896,5.736365300000216
100MB,100000000,random,16.192493300000024,2.0326076000001194
100MB,100000000,random,15.898233899999923,2.4159436999998434
100MB,100000000,random,15.904807599999913,5.210937899999863
100MB,100000000,random,16.39015270000027,2.159150100000261
100MB,100000000,random,15.075068999999985,3.982563200000186
100MB,100000000,random,11.107026299999688,4.468883900000037
100MB,100000000,random,11.684427000000142,4.948002300000098
100MB,100000000,random,14.770381899999848,4.473532299999988
100MB,100000000,random,17.10520120000001,1.8742694000002302
100MB,100000000,random,13.85727369999995,2.3228516999997737
100MB,100000000,random,13.220370900000034,4.226310300000023
100MB,100000000,random,9.62637930000028,3.1774788999996417
100MB,100000000,random,11.922481300000072,0.8946460000001935
100MB,100000000,random,11.938914100000147,1.827355500000067
100MB,100000000,random,12.360727400000087,1.858310900000106
100MB,100000000,random,12.781743099999858,2.7316931000000295
100MB,100000000,random,11.223628899999767,1.984663300000193
100MB,100000000,random,10.029714999999669,3.526984099999936
100MB,100000000,random,10.241930700000012,2.2768040000000838
100MB,100000000,random,12.149093199999697,1.713372199999867
100MB,100000000,random,11.44740260000026,3.0612099999998463
100MB,100000000,random,9.607126200000039,3.3866699000000153
100MB,100000000,random,10.239136900000176,3.0994527000002563
100MB,100000000,random,12.366363599999659,4.118577100000039
100MB,100000000,random,9.840752099999918,1.378311599999961
100MB,100000000,random,14.404141299999992,3.1236611999997876
100MB,100000000,random,12.050878699999885,2.7740624000002754
100MB,100000000,random,11.79352229999995,3.584626400000161
100MB,100000000,random,10.148723899999823,3.0823488999999427
100MB,100000000,random,11.470737699999972,3.0118320000001404
100MB,100000000,random,10.942422499999793,3.87254589999975
100MB,100000000,random,14.539872099999684,1.327132299999903
100MB,100000000,random,14.132717200000116,1.810405499999888
100MB,100000000,random,12.470890399999917,4.493240600000263
100MB,100000000,random,12.715638299999682,3.9506047999998373
100MB,100000000,random,12.602534999999989,2.9729217999997672
100MB,100000000,random,8.859683499999846,3.48409939999965
100MB,100000000,random,10.873435500000141,3.4392024999997375
100MB,100000000,random,12.682914699999856,1.911174200000005
100MB,100000000,random,13.107959299999948,1.6100848000000951
100MB,100000000,random,12.145287199999984,3.6776511000002756
100MB,100000000,min_copysets,13.509342800000013,2.2584493999997903
100MB,100000000,min_copysets,10.807967400000052,3.4110061000001224
100MB,100000000,min_copysets,11.498480200000358,2.6345876999998836
100MB,100000000,min_copysets,11.703131499999927,2.9703068999997413
100MB,100000000,min_copysets,12.27039650000006,1.6505482999996275
100MB,100000000,min_copysets,12.442443900000399,1.8067980999999236
100MB,100000000,min_copysets,10.941970500000025,3.3354224999998223
100MB,100000000,min_copysets,11.177130600000055,3.344100100000105
100MB,100000000,min_copysets,10.812258200000088,1.0059233000001768
100MB,100000000,min_copysets,12.112762799999928,3.7241195000001426
100MB,100000000,min_copysets,10.62757290000036,1.5955926000001455
100MB,100000000,min_copysets,10.807261699999799,4.074711999999636
100MB,100000000,min_copysets,11.03042940000023,1.1828123000000232
100MB,100000000,min_copysets,13.0572702999998,3.3644099000002825
100MB,100000000,min_copysets,10.336138099999971,7.8328034999999545
100MB,100000000,min_copysets,13.248522099999718,2.732169800000065
100MB,100000000,min_copysets,12.355694299999868,0.9850659000003361
100MB,100000000,min_copysets,11.052122600000075,4.494837299999745
100MB,100000000,min_copysets,9.697344899999734,1.2021460000000843
100MB,100000000,min_copysets,11.602161799999976,3.0994901999997637
100MB,100000000,min_copysets,11.110243699999955,1.5577989000003072
100MB,100000000,min_copysets,11.358781600000384,0.8688991000003625
100MB,100000000,min_copysets,13.056231900000057,2.3162968000001456
100MB,100000000,min_copysets,10.851720399999977,2.1599090999998225
100MB,100000000,min_copysets,11.706466300000102,3.170890100000179
100MB,100000000,min_copysets,11.94880970000031,2.1624031000001196
100MB,100000000,min_copysets,8.600617799999782,3.3927552000000105
100MB,100000000,min_copysets,12.848490099999708,3.276048200000332
100MB,100000000,min_copysets,10.654799299999922,1.9045034999999189
100MB,100000000,min_copysets,10.401285700000244,2.7096576999997524
100MB,100000000,min_copysets,12.660137200000008,2.5728296000002047
100MB,100000000,min_copysets,10.241158299999825,3.469189599999936
100MB,100000000,min_copysets,10.793960799999695,1.7817168999999922
100MB,100000000,min_copysets,16.946192899999915,2.0207248000001528
100MB,100000000,min_copysets,14.487344599999687,3.362866899999972
100MB,100000000,min_copysets,13.752812400000039,4.400595200000225
100MB,100000000,min_copysets,14.409983000000011,3.9249853999999686
100MB,100000000,min_copysets,15.954406400000153,3.2779426000001877
100MB,100000000,min_copysets,15.632921200000055,3.0521349999999074
100MB,100000000,min_copysets,15.05410860000029,4.649006999999983
100MB,100000000,min_copysets,16.417997300000025,2.6874800000000505
100MB,100000000,min_copysets,14.840070799999921,4.1772954000002755
100MB,100000000,min_copysets,17.086049499999717,2.872096600000077
100MB,100000000,min_copysets,16.846478999999817,4.462481900000057
100MB,100000000,min_copysets,15.681638699999894,4.233345699999973
100MB,100000000,min_copysets,18.158355500000198,2.0661423000001378
100MB,100000000,min_copysets,21.832906699999967,4.420526499999596
100MB,100000000,min_copysets,18.479628799999773,2.3373850000002676
100MB,100000000,min_copysets,15.944755099999838,3.7575965000000906
100MB,100000000,min_copysets,19.340092899999945,2.552881900000102
100MB,100000000,min_copysets,15.06811080000034,3.4797348000001875
100MB,100000000,min_copysets,10.22346830000015,1.8034422000000632
100MB,100000000,min_copysets,9.732406900000115,1.7246221000000332
100MB,100000000,min_copysets,11.364029500000015,2.680101999999806
100MB,100000000,min_copysets,8.426395599999978,3.6643129999997655
100MB,100000000,min_copysets,11.545237699999689,1.647920399999748
100MB,100000000,min_copysets,11.056743599999663,4.708669999999984
100MB,100000000,min_copysets,12.61603100000002,3.2359221000001526
100MB,100000000,min_copysets,11.671839799999816,3.720831099999941
100MB,100000000,min_copysets,13.509931999999935,1.3937240000000202
100MB,100000000,min_copysets,12.636761100000058,2.4186926999996103
100MB,100000000,min_copysets,11.782263600000078,2.922667199999978
100MB,100000000,min_copysets,14.075507800000196,1.3182400999999118
100MB,100000000,min_copysets,13.908558399999947,3.1531863000000158
100MB,100000000,min_copysets,13.823844000000008,3.362009399999806
100MB,100000000,min_copysets,12.053681400000187,3.321317000000363
100MB,100000000,min_copysets,12.611542899999677,4.603943299999628
100MB,100000000,min_copysets,13.802363100000093,3.5580166999998255
100MB,100000000,min_copysets,11.532167900000331,3.0117285000001175
100MB,100000000,min_copysets,12.773882800000138,2.7114778000000115
100MB,100000000,min_copysets,12.242363600000317,3.865810799999963
100MB,100000000,min_copysets,12.543355299999803,4.7674128999997265
100MB,100000000,min_copysets,12.653659900000093,2.742779000000155
100MB,100000000,min_copysets,11.877828500000305,4.453600800000004
100MB,100000000,min_copysets,12.24795129999984,2.853896799999802
100MB,100000000,min_copysets,14.817078999999922,2.034450099999958
100MB,100000000,min_copysets,14.946469800000159,3.5398337000001447
100MB,100000000,min_copysets,13.026018099999874,2.8858415999998215
100MB,100000000,min_copysets,14.82425400000011,1.7377888000000894
100MB,100000000,min_copysets,8.600677200000064,0.9784012000000075
100MB,100000000,min_copysets,8.756716400000187,2.7043290999999954
100MB,100000000,min_copysets,11.536364800000229,3.128545600000507
100MB,100000000,min_copysets,12.244457599999805,4.569600199999513
100MB,100000000,min_copysets,10.325256199999785,2.0535429000001386
100MB,100000000,min_copysets,12.18246309999995,2.3803940999996485
100MB,100000000,min_copysets,12.142387899999449,1.9757130000007237
100MB,100000000,min_copysets,12.548822499999915,3.184627999999975
100MB,100000000,min_copysets,12.172871399999167,2.380569299999479
100MB,100000000,min_copysets,13.251990400000068,3.295698299999458
100MB,100000000,min_copysets,11.520251900000403,2.8960336000000098
100MB,100000000,min_copysets,12.694115199999942,2.644741900000554
100MB,100000000,min_copysets,12.971385800000462,3.052614100000028
100MB,100000000,min_copysets,11.750644200000352,3.6019507000000885
100MB,100000000,min_copysets,11.403722400000333,1.5650604000002204
100MB,100000000,min_copysets,13.221896000000015,1.4691444000000047
100MB,100000000,min_copysets,12.36000090000016,3.0972162999996726
100MB,100000000,min_copysets,11.500835400000142,2.838884699999653
100MB,100000000,min_copysets,15.079192400000466,2.6891232999996646
100MB,100000000,min_copysets,11.787294400000064,3.618341999999757
100MB,100000000,min_copysets,10.018541299999924,1.2343420999995942
100MB,100000000,buddy,12.445122099999935,1.9559059999992314
100MB,100000000,buddy,15.600189500000852,2.7858181999999942
100MB,100000000,buddy,13.832028300000275,2.307782799999586
100MB,100000000,buddy,12.897675600000184,2.2200308999999834
100MB,100000000,buddy,13.02265990000069,2.0114204999999856
100MB,100000000,buddy,13.013106999999764,1.8104486000001998
100MB,100000000,buddy,15.315300900000693,2.88875729999927
100MB,100000000,buddy,14.13116170000012,2.8145170000007056
100MB,100000000,buddy,13.089384300000347,3.0225767000001724
100MB,100000000,buddy,13.359041900000193,4.340022899999894
100MB,100000000,buddy,11.743769300000167,2.84037410000019
100MB,100000000,buddy,9.525604599999497,2.9608311000001777
100MB,100000000,buddy,12.043712100000448,1.5496435999993992
100MB,100000000,buddy,15.516143300000294,1.2909700999998677
100MB,100000000,buddy,12.860334000000876,3.8209490999997797
100MB,100000000,buddy,11.784808500000509,4.449340600000141
100MB,100000000,buddy,15.671894099999918,3.0875802000000476
100MB,100000000,buddy,16.55608570000004,1.8445722999995269
100MB,100000000,buddy,13.766589599999861,3.291963399999986
100MB,100000000,buddy,16.103344900000593,3.616260200000397
100MB,100000000,buddy,14.376921399999446,2.378380900000593
100MB,100000000,buddy,11.61712389999957,2.6086142000003747
100MB,100000000,buddy,11.327165100000457,3.7852177000004303
100MB,100000000,buddy,14.292581300000165,3.026591499999995
100MB,100000000,buddy,17.191333800000393,4.714283299999806
100MB,100000000,buddy,21.481920100000025,3.592487899999469
100MB,100000000,buddy,14.625759200000175,3.779491200000848
100MB,100000000,buddy,13.774437500000204,2.261438000000453
100MB,100000000,buddy,15.286869800000204,2.510994400000527
100MB,100000000,buddy,12.475891899999624,2.570773699999336
100MB,100000000,buddy,13.380323500000486,2.6683404000004884
100MB,100000000,buddy,10.941281099999287,3.2905203000000256
100MB,100000000,buddy,12.848278299999947,3.396449500000017
100MB,100000000,buddy,12.469449300000633,2.0655045000003156
100MB,100000000,buddy,13.520120700000007,2.6378512000001137
100MB,100000000,buddy,13.380442900000162,1.866712799999732
100MB,100000000,buddy,14.58527690000028,4.006825599999502
100MB,100000000,buddy,10.593937599999663,3.596975399999792
100MB,100000000,buddy,10.134703800000352,4.9082219000001714
100MB,100000000,buddy,11.296360499999537,4.468150000000605
100MB,100000000,buddy,12.023415999999997,2.672784899999897
100MB,100000000,buddy,12.7220398999998,4.242628200000581
100MB,100000000,buddy,11.464919099999861,3.4390402999997605
100MB,100000000,buddy,11.753066799999942,2.4252212000001236
100MB,100000000,buddy,11.759889699999803,2.541929199999686
100MB,100000000,buddy,11.610716700000012,2.650126900000032
100MB,100000000,buddy,12.792600400000083,4.006669700000202
100MB,100000000,buddy,13.396975499999826,3.6359559000002264
100MB,100000000,buddy,11.171541700000489,2.873143699999673
100MB,100000000,buddy,11.788922199999433,3.4405075000004217
100MB,100000000,buddy,12.4448397999995,0.8169896999997945
100MB,100000000,buddy,11.09109509999962,1.065654999999424
100MB,100000000,buddy,12.502275099999679,0.9229513000000225
100MB,100000000,buddy,10.845612600000095,3.8489624999992884
100MB,100000000,buddy,12.038745399999243,3.215667399999802
100MB,100000000,buddy,11.503639900000053,4.444271999999728
100MB,100000000,buddy,10.180763999999726,3.1781734999995024
100MB,100000000,buddy,15.027328200000738,0.9201396999997087
100MB,100000000,buddy,13.218677799999568,3.8839885999996113
100MB,100000000,buddy,14.41167039999982,1.1231376000005184
100MB,100000000,buddy,13.804554699999244,2.882410500000333
100MB,100000000,buddy,15.058207999999468,3.8488483999999517
100MB,100000000,buddy,14.09285219999947,2.783755000000383
100MB,100000000,buddy,10.813924199999747,5.186440699999366
100MB,100000000,buddy,10.994793099999697,3.6106106999995973
100MB,100000000,buddy,9.137769400000252,2.342924100000346
100MB,100000000,buddy,8.440579299999627,0.7423917999994956
100MB,100000000,buddy,7.50972610000008,2.136885699999766
100MB,100000000,buddy,8.628304200000457,2.7635487999996258
100MB,100000000,buddy,7.686510999999882,2.890727099999822
100MB,100000000,buddy,7.383776200000284,1.4941043999997419
100MB,100000000,buddy,8.34311450000041,1.9693154999995386
100MB,100000000,buddy,7.759905900000376,2.56048600000031
100MB,100000000,buddy,7.595980699999927,2.847779000000628
100MB,100000000,buddy,7.303639700000531,1.8560810999997557
100MB,100000000,buddy,7.833954800000356,1.0833812999999282
100MB,100000000,buddy,7.749732199999926,1.3930193000005602
100MB,100000000,buddy,8.653898100000333,1.7529338000003918
100MB,100000000,buddy,8.571785099999943,1.4644379000001209
100MB,100000000,buddy,7.185229200000322,1.2190101999995022
100MB,100000000,buddy,8.536943900000551,0.8971065999994607
100MB,100000000,buddy,11.22388620000038,1.3922293999994508
100MB,100000000,buddy,9.870303700000477,2.0451137000000017
100MB,100000000,buddy,9.183730799999466,1.1929657000000589
100MB,100000000,buddy,7.610321600000134,0.9883184000000256
100MB,100000000,buddy,7.433551600000101,2.172281699999985
100MB,100000000,buddy,8.965593300000364,1.1814292999997633
100MB,100000000,buddy,7.060146900000291,2.2468905999994604
100MB,100000000,buddy,7.271689400000469,1.1639059999997698
100MB,100000000,buddy,7.824271000000408,0.7832879999996294
100MB,100000000,buddy,8.602137900000344,0.895773399999598
100MB,100000000,buddy,7.678107499999896,2.4770141999997577
100MB,100000000,buddy,8.669975900000281,2.8806688000004215
100MB,100000000,buddy,8.70544659999996,1.4092088999996122
100MB,100000000,buddy,8.74036249999972,2.3018363000001045
100MB,100000000,buddy,8.245510599999761,2.5490293000002566
100MB,100000000,buddy,8.35450629999923,1.958253799999511
100MB,100000000,buddy,6.830060799999956,2.876371199999994
100MB,100000000,buddy,7.093810000000303,1.2287403000000268
100MB,100000000,buddy,8.98480010000003,1.0599560999999085
