timestamp,file_id,filename,size_bytes,metric,value_sec
1763745234.793461,1,test4.pdf,113653,replication,69.95225477218628
1763747507.1726842,2,test4.pdf,113653,replication,0.07879066467285156
1763747525.159745,2,test4.pdf,113653,download,0.005986690521240234
1763747539.5828207,2,test4.pdf,113653,download,0.004986763000488281
1763747627.3858826,2,test4.pdf,113653,download,0.1570262908935547
1763747656.2777278,3,10mb.bin,10000000,replication,0.17137956619262695
1763747663.7524052,3,10mb.bin,10000000,download,0.03344392776489258
1763747809.4959872,3,10mb.bin,10000000,download,0.1592566967010498
1763751366.2406402,4,10mb.bin,10000000,replication,0.10345625877380371
1763751388.100931,4,10mb.bin,10000000,download,0.1663517951965332
1763751445.2722907,4,10mb.bin,10000000,download,0.2995009422302246
1763755467.0715446,1,10mb.bin,10000000,replication,0.2638206481933594
1763755494.0784762,1,10mb.bin,10000000,download,0.3074970245361328
1763821916.8366241,2,10mb.bin,10000000,replication,0.30600452423095703
1763821998.9446394,2,10mb.bin,10000000,download,0.1964893341064453
1763822042.4172685,2,10mb.bin,10000000,download,0.17219138145446777
1763825629.4799132,3,bench_100kB_0.bin,102400,replication,0.11710286140441895
1763825631.7340999,3,bench_100kB_0.bin,102400,download,2.236234664916992
1763825633.8857431,4,bench_100kB_1.bin,102400,replication,0.010970354080200195
1763825635.9962912,4,bench_100kB_1.bin,102400,download,2.1045613288879395
1763825638.36952,5,bench_100kB_2.bin,102400,replication,0.05385637283325195
1763825640.7977548,5,bench_100kB_2.bin,102400,download,2.426238775253296
1763825642.9677536,6,bench_100kB_3.bin,102400,replication,0.010971546173095703
1763825645.2019274,6,bench_100kB_3.bin,102400,download,2.2291858196258545
1763825647.3524408,7,bench_100kB_4.bin,102400,replication,0.008974313735961914
1763825649.4355898,7,bench_100kB_4.bin,102400,download,2.0781662464141846
1763825651.7254603,8,bench_100kB_5.bin,102400,replication,0.016495704650878906
1763825653.7680967,8,bench_100kB_5.bin,102400,download,2.041639566421509
1763825655.9088867,9,bench_100kB_6.bin,102400,replication,0.018950462341308594
1763825657.9803057,9,bench_100kB_6.bin,102400,download,2.0674304962158203
1763825660.2374854,10,bench_100kB_7.bin,102400,replication,0.005984306335449219
1763825662.3529408,10,bench_100kB_7.bin,102400,download,2.1094701290130615
1763825664.4876573,11,bench_100kB_8.bin,102400,replication,0.00897526741027832
1763825666.5395083,11,bench_100kB_8.bin,102400,download,2.049856662750244
1763825668.677681,12,bench_100kB_9.bin,102400,replication,0.008976221084594727
1763825670.7685807,12,bench_100kB_9.bin,102400,download,2.0869126319885254
1763825672.9002995,13,bench_100kB_10.bin,102400,replication,0.010970354080200195
1763825674.9642358,13,bench_100kB_10.bin,102400,download,2.060944080352783
1763825677.2245011,14,bench_100kB_11.bin,102400,replication,0.025930404663085938
1763825679.359715,14,bench_100kB_11.bin,102400,download,2.133220672607422
1763825681.4826043,15,bench_100kB_12.bin,102400,replication,0.010971546173095703
1763825683.5355647,15,bench_100kB_12.bin,102400,download,2.0489723682403564
1763825685.7312548,16,bench_100kB_13.bin,102400,replication,0.0039899349212646484
1763825687.8218842,16,bench_100kB_13.bin,102400,download,2.086636543273926
1763825689.9481473,17,bench_100kB_14.bin,102400,replication,0.00399017333984375
1763825692.0416234,17,bench_100kB_14.bin,102400,download,2.0924794673919678
1763825694.2048054,18,bench_100kB_15.bin,102400,replication,0.03226017951965332
1763825696.2829692,18,bench_100kB_15.bin,102400,download,2.076169013977051
1763825698.6359417,19,bench_100kB_16.bin,102400,replication,0.07779526710510254
1763825700.7257044,19,bench_100kB_16.bin,102400,download,2.0857796669006348
1763825702.9817047,20,bench_100kB_17.bin,102400,replication,0.003988981246948242
1763825705.0812433,20,bench_100kB_17.bin,102400,download,2.096545934677124
1763825707.2256467,21,bench_100kB_18.bin,102400,replication,0.015957117080688477
1763825709.3161998,21,bench_100kB_18.bin,102400,download,2.085561513900757
1763825711.5003977,22,bench_100kB_19.bin,102400,replication,0.0059854984283447266
1763825713.6159763,22,bench_100kB_19.bin,102400,download,2.1095941066741943
1763825715.831533,23,bench_100kB_20.bin,102400,replication,0.021970272064208984
1763825717.9385316,23,bench_100kB_20.bin,102400,download,2.102015495300293
1763825720.0857854,24,bench_100kB_21.bin,102400,replication,0.011967182159423828
1763825722.171675,24,bench_100kB_21.bin,102400,download,2.081932306289673
1763825724.3346534,25,bench_100kB_22.bin,102400,replication,0.003990650177001953
1763825726.437747,25,bench_100kB_22.bin,102400,download,2.0981059074401855
1763825728.6942253,26,bench_100kB_23.bin,102400,replication,0.1232151985168457
1763825730.8260174,26,bench_100kB_23.bin,102400,download,2.126803398132324
1763825732.954789,27,bench_100kB_24.bin,102400,replication,0.00598454475402832
1763825735.0720146,27,bench_100kB_24.bin,102400,download,2.112239122390747
1763825737.246304,28,bench_100kB_25.bin,102400,replication,0.03490614891052246
1763825739.3748631,28,bench_100kB_25.bin,102400,download,2.1245710849761963
1763825741.5183775,29,bench_100kB_26.bin,102400,replication,0.00997304916381836
1763825743.6309288,29,bench_100kB_26.bin,102400,download,2.109560012817383
1763825745.8265,30,bench_100kB_27.bin,102400,replication,0.0029914379119873047
1763825747.9053998,30,bench_100kB_27.bin,102400,download,2.0739057064056396
1763825750.0550447,31,bench_100kB_28.bin,102400,replication,0.009974002838134766
1763825752.1638288,31,bench_100kB_28.bin,102400,download,2.102799892425537
1763825754.3492422,32,bench_100kB_29.bin,102400,replication,0.005982637405395508
1763825756.4553335,32,bench_100kB_29.bin,102400,download,2.1050944328308105
1763825758.6110783,33,bench_100kB_30.bin,102400,replication,0.00797891616821289
1763825760.7115726,33,bench_100kB_30.bin,102400,download,2.0965123176574707
1763825762.8591955,34,bench_100kB_31.bin,102400,replication,0.010972976684570312
1763825764.967576,34,bench_100kB_31.bin,102400,download,2.1033942699432373
1763825767.1227095,35,bench_100kB_32.bin,102400,replication,0.011968135833740234
1763825769.2096412,35,bench_100kB_32.bin,102400,download,2.081944465637207
1763825771.3934782,36,bench_100kB_33.bin,102400,replication,0.002993345260620117
1763825773.4766996,36,bench_100kB_33.bin,102400,download,2.0812277793884277
1763825775.6206346,37,bench_100kB_34.bin,102400,replication,0.005984306335449219
1763825777.698518,37,bench_100kB_34.bin,102400,download,2.073892116546631
1763825779.8611104,38,bench_100kB_35.bin,102400,replication,0.0418853759765625
1763825781.9336786,38,bench_100kB_35.bin,102400,download,2.0695738792419434
1763825784.1048472,39,bench_100kB_36.bin,102400,replication,0.016954660415649414
1763825786.196731,39,bench_100kB_36.bin,102400,download,2.087892532348633
1763825788.3419018,40,bench_100kB_37.bin,102400,replication,0.007975101470947266
1763825790.435475,40,bench_100kB_37.bin,102400,download,2.0895864963531494
1763825792.611597,41,bench_100kB_38.bin,102400,replication,0.018948078155517578
1763825794.7445862,41,bench_100kB_38.bin,102400,download,2.128002405166626
1763825796.8873646,42,bench_100kB_39.bin,102400,replication,0.009971857070922852
1763825798.9683387,42,bench_100kB_39.bin,102400,download,2.0759873390197754
1763825801.141526,43,bench_100kB_40.bin,102400,replication,0.03116893768310547
1763825803.191076,43,bench_100kB_40.bin,102400,download,2.0445640087127686
1763825805.398025,44,bench_100kB_41.bin,102400,replication,0.0109710693359375
1763825807.4562309,44,bench_100kB_41.bin,102400,download,2.053600549697876
1763825809.6283603,45,bench_100kB_42.bin,102400,replication,0.010968208312988281
1763825811.7155151,45,bench_100kB_42.bin,102400,download,2.083174705505371
1763825813.8777065,46,bench_100kB_43.bin,102400,replication,0.009972572326660156
1763825815.9404814,46,bench_100kB_43.bin,102400,download,2.0567915439605713
1763825818.0993822,47,bench_100kB_44.bin,102400,replication,0.004986286163330078
1763825820.174331,47,bench_100kB_44.bin,102400,download,2.0719568729400635
1763825822.3272872,48,bench_100kB_45.bin,102400,replication,0.007976055145263672
1763825824.410568,48,bench_100kB_45.bin,102400,download,2.0782957077026367
1763825826.6397855,49,bench_100kB_46.bin,102400,replication,0.10172915458679199
1763825828.7112358,49,bench_100kB_46.bin,102400,download,2.0674614906311035
1763825830.8538203,50,bench_100kB_47.bin,102400,replication,0.009972095489501953
1763825832.9166436,50,bench_100kB_47.bin,102400,download,2.05883526802063
1763825835.091893,51,bench_100kB_48.bin,102400,replication,0.026598691940307617
1763825837.156983,51,bench_100kB_48.bin,102400,download,2.063093662261963
1763825839.3231046,52,bench_100kB_49.bin,102400,replication,0.020943641662597656
1763825841.4238033,52,bench_100kB_49.bin,102400,download,2.0957112312316895
1763825843.595679,53,bench_100kB_50.bin,102400,replication,0.028920650482177734
1763825845.6628969,53,bench_100kB_50.bin,102400,download,2.0622341632843018
1763825847.8194113,54,bench_100kB_51.bin,102400,replication,0.018985271453857422
1763825849.874801,54,bench_100kB_51.bin,102400,download,2.051401138305664
1763825852.1222136,55,bench_100kB_52.bin,102400,replication,0.0698096752166748
1763825854.1723235,55,bench_100kB_52.bin,102400,download,2.049112319946289
1763825856.3381114,56,bench_100kB_53.bin,102400,replication,0.027929067611694336
1763825858.413514,56,bench_100kB_53.bin,102400,download,2.0714128017425537
1763825860.5855498,57,bench_100kB_54.bin,102400,replication,0.034967899322509766
1763825862.6434612,57,bench_100kB_54.bin,102400,download,2.0529263019561768
1763825864.7795255,58,bench_100kB_55.bin,102400,replication,0.009972572326660156
1763825866.8242981,58,bench_100kB_55.bin,102400,download,2.0431017875671387
1763825869.0190547,59,bench_100kB_56.bin,102400,replication,0.05404806137084961
1763825871.072456,59,bench_100kB_56.bin,102400,download,2.051408529281616
1763825873.2403438,60,bench_100kB_57.bin,102400,replication,0.0029921531677246094
1763825875.3185303,60,bench_100kB_57.bin,102400,download,2.0741968154907227
1763825877.472918,61,bench_100kB_58.bin,102400,replication,0.022446632385253906
1763825879.5305073,61,bench_100kB_58.bin,102400,download,2.056591272354126
1763825881.6651604,62,bench_100kB_59.bin,102400,replication,0.0039920806884765625
1763825883.7778218,62,bench_100kB_59.bin,102400,download,2.1076717376708984
1763825885.9407704,63,bench_100kB_60.bin,102400,replication,0.019944429397583008
1763825888.0063858,63,bench_100kB_60.bin,102400,download,2.0626227855682373
1763825890.173757,64,bench_100kB_61.bin,102400,replication,0.005986213684082031
1763825892.224671,64,bench_100kB_61.bin,102400,download,2.0479230880737305
1763825894.362042,65,bench_100kB_62.bin,102400,replication,0.002995729446411133
1763825896.4200263,65,bench_100kB_62.bin,102400,download,2.0569868087768555
1763825898.567418,66,bench_100kB_63.bin,102400,replication,0.00797724723815918
1763825900.6305869,66,bench_100kB_63.bin,102400,download,2.0581812858581543
1763825902.9205816,67,bench_100kB_64.bin,102400,replication,0.14606380462646484
1763825904.983259,67,bench_100kB_64.bin,102400,download,2.0606844425201416
1763825907.1232855,68,bench_100kB_65.bin,102400,replication,0.014960765838623047
1763825909.1847558,68,bench_100kB_65.bin,102400,download,2.0604732036590576
1763825911.4269283,69,bench_100kB_66.bin,102400,replication,0.10771346092224121
1763825913.5295432,69,bench_100kB_66.bin,102400,download,2.097627878189087
1763825915.7488284,70,bench_100kB_67.bin,102400,replication,0.003990888595581055
1763825917.8359263,70,bench_100kB_67.bin,102400,download,2.0831081867218018
1763825919.9775367,71,bench_100kB_68.bin,102400,replication,0.024932384490966797
1763825922.0385094,71,bench_100kB_68.bin,102400,download,2.0589778423309326
1763825924.2700627,72,bench_100kB_69.bin,102400,replication,0.0039904117584228516
1763825926.3449728,72,bench_100kB_69.bin,102400,download,2.0739123821258545
1763825928.6117642,73,bench_100kB_70.bin,102400,replication,0.12112140655517578
1763825930.6622176,73,bench_100kB_70.bin,102400,download,2.0454652309417725
1763825932.8977175,74,bench_100kB_71.bin,102400,replication,0.007978200912475586
1763825934.9565043,74,bench_100kB_71.bin,102400,download,2.0567924976348877
1763825937.1719148,75,bench_100kB_72.bin,102400,replication,0.004987239837646484
1763825939.2067196,75,bench_100kB_72.bin,102400,download,2.0338072776794434
1763825941.380323,76,bench_100kB_73.bin,102400,replication,0.04089093208312988
1763825943.4260032,76,bench_100kB_73.bin,102400,download,2.044682502746582
1763825945.743988,77,bench_100kB_74.bin,102400,replication,0.07579803466796875
1763825947.785223,77,bench_100kB_74.bin,102400,download,2.04023814201355
1763825949.941939,78,bench_100kB_75.bin,102400,replication,0.030917882919311523
1763825951.991803,78,bench_100kB_75.bin,102400,download,2.048866033554077
1763825954.2056377,79,bench_100kB_76.bin,102400,replication,0.021270751953125
1763825956.2823,79,bench_100kB_76.bin,102400,download,2.071676254272461
1763825958.4418836,80,bench_100kB_77.bin,102400,replication,0.002992868423461914
1763825960.4895368,80,bench_100kB_77.bin,102400,download,2.0466549396514893
1763825962.6453614,81,bench_100kB_78.bin,102400,replication,0.02493429183959961
1763825964.7226622,81,bench_100kB_78.bin,102400,download,2.074239492416382
1763825966.8733602,82,bench_100kB_79.bin,102400,replication,0.00399017333984375
1763825968.9469175,82,bench_100kB_79.bin,102400,download,2.068571090698242
1763825971.1608646,83,bench_100kB_80.bin,102400,replication,0.008975744247436523
1763825973.2214816,83,bench_100kB_80.bin,102400,download,2.056631565093994
1763825975.3616722,84,bench_100kB_81.bin,102400,replication,0.0029935836791992188
1763825977.4620764,84,bench_100kB_81.bin,102400,download,2.095417022705078
1763825979.6253965,85,bench_100kB_82.bin,102400,replication,0.028923749923706055
1763825981.6977987,85,bench_100kB_82.bin,102400,download,2.0674071311950684
1763825983.844288,86,bench_100kB_83.bin,102400,replication,0.005984783172607422
1763825985.929286,86,bench_100kB_83.bin,102400,download,2.0840001106262207
1763825988.1749697,87,bench_100kB_84.bin,102400,replication,0.10157489776611328
1763825990.2446218,87,bench_100kB_84.bin,102400,download,2.0676584243774414
1763825992.4891834,88,bench_100kB_85.bin,102400,replication,0.00997304916381836
1763825994.5601604,88,bench_100kB_85.bin,102400,download,2.0699751377105713
1763825996.8056548,89,bench_100kB_86.bin,102400,replication,0.010970592498779297
1763825998.8834515,89,bench_100kB_86.bin,102400,download,2.076798677444458
1763826001.102135,90,bench_100kB_87.bin,102400,replication,0.009972572326660156
1763826003.1789012,90,bench_100kB_87.bin,102400,download,2.072782278060913
1763826005.4545462,91,bench_100kB_88.bin,102400,replication,0.003988742828369141
1763826007.5145838,91,bench_100kB_88.bin,102400,download,2.0580382347106934
1763826009.679171,92,bench_100kB_89.bin,102400,replication,0.012959957122802734
1763826011.7433805,92,bench_100kB_89.bin,102400,download,2.0592219829559326
1763826014.0139427,93,bench_100kB_90.bin,102400,replication,0.11197853088378906
1763826016.1204731,93,bench_100kB_90.bin,102400,download,2.099551200866699
1763826018.3128436,94,bench_100kB_91.bin,102400,replication,0.003991365432739258
1763826020.3865495,94,bench_100kB_91.bin,102400,download,2.0687143802642822
1763826022.5392823,95,bench_100kB_92.bin,102400,replication,0.019113779067993164
1763826024.583977,95,bench_100kB_92.bin,102400,download,2.0397095680236816
1763826026.8114805,96,bench_100kB_93.bin,102400,replication,0.00399017333984375
1763826028.8811553,96,bench_100kB_93.bin,102400,download,2.0646796226501465
1763826031.0420058,97,bench_100kB_94.bin,102400,replication,0.018691301345825195
1763826033.0854254,97,bench_100kB_94.bin,102400,download,2.040428876876831
1763826035.2379112,98,bench_100kB_95.bin,102400,replication,0.0232393741607666
1763826037.2940986,98,bench_100kB_95.bin,102400,download,2.054192066192627
1763826039.453158,99,bench_100kB_96.bin,102400,replication,0.008973121643066406
1763826041.513553,99,bench_100kB_96.bin,102400,download,2.0574049949645996
1763826043.6612222,100,bench_100kB_97.bin,102400,replication,0.009973764419555664
1763826045.726575,100,bench_100kB_97.bin,102400,download,2.061363935470581
1763826047.879409,101,bench_100kB_98.bin,102400,replication,0.012964487075805664
1763826049.9235983,101,bench_100kB_98.bin,102400,download,2.0431933403015137
1763826052.289991,102,bench_100kB_99.bin,102400,replication,0.22989749908447266
1763826054.339122,102,bench_100kB_99.bin,102400,download,2.0471389293670654
1763826056.5754323,103,bench_1MB_0.bin,1048576,replication,0.06283164024353027
1763826058.6140044,103,bench_1MB_0.bin,1048576,download,2.0375750064849854
1763826061.1328166,104,bench_1MB_1.bin,1048576,replication,0.06680846214294434
1763826063.193756,104,bench_1MB_1.bin,1048576,download,2.0589442253112793
1763826065.533761,105,bench_1MB_2.bin,1048576,replication,0.14461255073547363
1763826067.5865753,105,bench_1MB_2.bin,1048576,download,2.050818920135498
1763826069.753101,106,bench_1MB_3.bin,1048576,replication,0.029445409774780273
1763826071.8132813,106,bench_1MB_3.bin,1048576,download,2.058185338973999
1763826073.987549,107,bench_1MB_4.bin,1048576,replication,0.007979631423950195
1763826076.0555482,107,bench_1MB_4.bin,1048576,download,2.066002130508423
1763826078.220189,108,bench_1MB_5.bin,1048576,replication,0.006981849670410156
1763826080.2864127,108,bench_1MB_5.bin,1048576,download,2.060237407684326
1763826082.4584627,109,bench_1MB_6.bin,1048576,replication,0.00797891616821289
1763826084.533569,109,bench_1MB_6.bin,1048576,download,2.0721120834350586
1763826086.72311,110,bench_1MB_7.bin,1048576,replication,0.04188966751098633
1763826088.8005128,110,bench_1MB_7.bin,1048576,download,2.0754072666168213
1763826090.953082,111,bench_1MB_8.bin,1048576,replication,0.015959501266479492
1763826093.0075867,111,bench_1MB_8.bin,1048576,download,2.051513433456421
1763826095.1593316,112,bench_1MB_9.bin,1048576,replication,0.0079803466796875
1763826097.214325,112,bench_1MB_9.bin,1048576,download,2.0530083179473877
1763826099.3569183,113,bench_1MB_10.bin,1048576,replication,0.006981611251831055
1763826101.4140933,113,bench_1MB_10.bin,1048576,download,2.055180072784424
1763826103.558645,114,bench_1MB_11.bin,1048576,replication,0.005984306335449219
1763826105.6231477,114,bench_1MB_11.bin,1048576,download,2.062507152557373
1763826107.7716281,115,bench_1MB_12.bin,1048576,replication,0.0069828033447265625
1763826109.8538532,115,bench_1MB_12.bin,1048576,download,2.0812275409698486
1763826111.9841983,116,bench_1MB_13.bin,1048576,replication,0.006980419158935547
1763826114.0428648,116,bench_1MB_13.bin,1048576,download,2.057668685913086
1763826116.1932125,117,bench_1MB_14.bin,1048576,replication,0.0059850215911865234
1763826118.2468333,117,bench_1MB_14.bin,1048576,download,2.0526230335235596
1763826120.4144857,118,bench_1MB_15.bin,1048576,replication,0.006981849670410156
1763826122.4923925,118,bench_1MB_15.bin,1048576,download,2.0729196071624756
1763826124.6917977,119,bench_1MB_16.bin,1048576,replication,0.010970115661621094
1763826126.759069,119,bench_1MB_16.bin,1048576,download,2.065275192260742
1763826128.9876103,120,bench_1MB_17.bin,1048576,replication,0.011968135833740234
1763826131.065307,120,bench_1MB_17.bin,1048576,download,2.0717079639434814
1763826133.2237148,121,bench_1MB_18.bin,1048576,replication,0.00997471809387207
1763826135.2835066,121,bench_1MB_18.bin,1048576,download,2.053725481033325
1763826137.454401,122,bench_1MB_19.bin,1048576,replication,0.0219419002532959
1763826139.5305676,122,bench_1MB_19.bin,1048576,download,2.0721702575683594
1763826141.7161117,123,bench_1MB_20.bin,1048576,replication,0.008975028991699219
1763826143.7819128,123,bench_1MB_20.bin,1048576,download,2.063807487487793
1763826145.9439542,124,bench_1MB_21.bin,1048576,replication,0.010976314544677734
1763826148.0199795,124,bench_1MB_21.bin,1048576,download,2.0680487155914307
1763826150.1611683,125,bench_1MB_22.bin,1048576,replication,0.0069828033447265625
1763826152.2422364,125,bench_1MB_22.bin,1048576,download,2.073092222213745
1763826154.4570038,126,bench_1MB_23.bin,1048576,replication,0.030917644500732422
1763826156.5134058,126,bench_1MB_23.bin,1048576,download,2.0534098148345947
1763826158.6751337,127,bench_1MB_24.bin,1048576,replication,0.011965513229370117
1763826160.73537,127,bench_1MB_24.bin,1048576,download,2.0552477836608887
1763826162.9364593,128,bench_1MB_25.bin,1048576,replication,0.015956640243530273
1763826164.9895606,128,bench_1MB_25.bin,1048576,download,2.0501086711883545
1763826167.1733105,129,bench_1MB_26.bin,1048576,replication,0.010971784591674805
1763826169.2487519,129,bench_1MB_26.bin,1048576,download,2.055490732192993
1763826171.4117804,130,bench_1MB_27.bin,1048576,replication,0.01196432113647461
1763826173.4933534,130,bench_1MB_27.bin,1048576,download,2.079578161239624
1763826175.6384895,131,bench_1MB_28.bin,1048576,replication,0.008977413177490234
1763826177.7018483,131,bench_1MB_28.bin,1048576,download,2.059370517730713
1763826179.870213,132,bench_1MB_29.bin,1048576,replication,0.005988121032714844
1763826181.946497,132,bench_1MB_29.bin,1048576,download,2.073291540145874
1763826184.215905,133,bench_1MB_30.bin,1048576,replication,0.11975407600402832
1763826186.2882307,133,bench_1MB_30.bin,1048576,download,2.0703299045562744
1763826188.4530656,134,bench_1MB_31.bin,1048576,replication,0.010970115661621094
1763826190.5385225,134,bench_1MB_31.bin,1048576,download,2.0794243812561035
1763826192.7159796,135,bench_1MB_32.bin,1048576,replication,0.022930383682250977
1763826194.7705402,135,bench_1MB_32.bin,1048576,download,2.052567958831787
1763826196.9591959,136,bench_1MB_33.bin,1048576,replication,0.03590679168701172
1763826199.0420804,136,bench_1MB_33.bin,1048576,download,2.078895330429077
1763826201.220295,137,bench_1MB_34.bin,1048576,replication,0.008976459503173828
1763826203.2865782,137,bench_1MB_34.bin,1048576,download,2.064293622970581
1763826205.6781929,138,bench_1MB_35.bin,1048576,replication,0.24734067916870117
1763826207.7702723,138,bench_1MB_35.bin,1048576,download,2.0900843143463135
1763826209.948287,139,bench_1MB_36.bin,1048576,replication,0.009972333908081055
1763826212.038355,139,bench_1MB_36.bin,1048576,download,2.0850794315338135
1763826214.2589633,140,bench_1MB_37.bin,1048576,replication,0.027356863021850586
1763826216.3533907,140,bench_1MB_37.bin,1048576,download,2.088438034057617
1763826218.5590174,141,bench_1MB_38.bin,1048576,replication,0.0418848991394043
1763826220.6440449,141,bench_1MB_38.bin,1048576,download,2.08004093170166
1763826222.8500226,142,bench_1MB_39.bin,1048576,replication,0.007979154586791992
1763826224.9139903,142,bench_1MB_39.bin,1048576,download,2.0596818923950195
1763826227.2767432,143,bench_1MB_40.bin,1048576,replication,0.1296541690826416
1763826229.359424,143,bench_1MB_40.bin,1048576,download,2.078691244125366
1763826231.5610566,144,bench_1MB_41.bin,1048576,replication,0.008975744247436523
1763826233.6234524,144,bench_1MB_41.bin,1048576,download,2.0594029426574707
1763826235.7625299,145,bench_1MB_42.bin,1048576,replication,0.007978677749633789
1763826237.8465285,145,bench_1MB_42.bin,1048576,download,2.078012704849243
1763826240.0161884,146,bench_1MB_43.bin,1048576,replication,0.009975671768188477
1763826242.0767758,146,bench_1MB_43.bin,1048576,download,2.0573177337646484
1763826244.219148,147,bench_1MB_44.bin,1048576,replication,0.010972261428833008
1763826246.3044002,147,bench_1MB_44.bin,1048576,download,2.0832579135894775
1763826248.4722655,148,bench_1MB_45.bin,1048576,replication,0.018947362899780273
1763826250.563064,148,bench_1MB_45.bin,1048576,download,2.0848166942596436
1763826252.9247181,149,bench_1MB_46.bin,1048576,replication,0.010969400405883789
1763826254.9900103,149,bench_1MB_46.bin,1048576,download,2.059305429458618
1763826257.2360554,150,bench_1MB_47.bin,1048576,replication,0.007978439331054688
1763826259.3063776,150,bench_1MB_47.bin,1048576,download,2.0683281421661377
1763826261.5659807,151,bench_1MB_48.bin,1048576,replication,0.009973287582397461
1763826263.649692,151,bench_1MB_48.bin,1048576,download,2.0772080421447754
1763826265.878133,152,bench_1MB_49.bin,1048576,replication,0.0069828033447265625
1763826267.9563217,152,bench_1MB_49.bin,1048576,download,2.0761938095092773
1763826270.1222892,153,bench_1MB_50.bin,1048576,replication,0.01994633674621582
1763826272.4054523,153,bench_1MB_50.bin,1048576,download,2.2771782875061035
1763826274.7211654,154,bench_1MB_51.bin,1048576,replication,0.011170387268066406
1763826276.8214798,154,bench_1MB_51.bin,1048576,download,2.0943310260772705
1763826279.0755596,155,bench_1MB_52.bin,1048576,replication,0.009972095489501953
1763826281.175974,155,bench_1MB_52.bin,1048576,download,2.094426155090332
1763826283.3871453,156,bench_1MB_53.bin,1048576,replication,0.010968446731567383
1763826285.4855204,156,bench_1MB_53.bin,1048576,download,2.0923895835876465
1763826287.7500896,157,bench_1MB_54.bin,1048576,replication,0.0109710693359375
1763826289.8264506,157,bench_1MB_54.bin,1048576,download,2.071373224258423
1763826291.9810927,158,bench_1MB_55.bin,1048576,replication,0.007979631423950195
1763826294.0524485,158,bench_1MB_55.bin,1048576,download,2.0693604946136475
1763826296.2320964,159,bench_1MB_56.bin,1048576,replication,0.008977174758911133
1763826298.3204684,159,bench_1MB_56.bin,1048576,download,2.081388235092163
1763826300.478999,160,bench_1MB_57.bin,1048576,replication,0.009972572326660156
1763826302.557271,160,bench_1MB_57.bin,1048576,download,2.0752816200256348
1763826304.733592,161,bench_1MB_58.bin,1048576,replication,0.011966705322265625
1763826306.8196485,161,bench_1MB_58.bin,1048576,download,2.081069231033325
1763826309.042557,162,bench_1MB_59.bin,1048576,replication,0.009974241256713867
1763826311.1179256,162,bench_1MB_59.bin,1048576,download,2.069385290145874
1763826313.2924824,163,bench_1MB_60.bin,1048576,replication,0.009974002838134766
1763826315.38538,163,bench_1MB_60.bin,1048576,download,2.086911201477051
1763826317.547446,164,bench_1MB_61.bin,1048576,replication,0.014959573745727539
1763826319.6128812,164,bench_1MB_61.bin,1048576,download,2.063438892364502
1763826321.7551055,165,bench_1MB_62.bin,1048576,replication,0.005985736846923828
1763826323.8053792,165,bench_1MB_62.bin,1048576,download,2.048278331756592
1763826325.966049,166,bench_1MB_63.bin,1048576,replication,0.01695537567138672
1763826328.0094442,166,bench_1MB_63.bin,1048576,download,2.041400194168091
1763826330.1548288,167,bench_1MB_64.bin,1048576,replication,0.006982326507568359
1763826332.206198,167,bench_1MB_64.bin,1048576,download,2.0493741035461426
1763826334.354454,168,bench_1MB_65.bin,1048576,replication,0.029920101165771484
1763826336.4134662,168,bench_1MB_65.bin,1048576,download,2.0580148696899414
1763826338.5929532,169,bench_1MB_66.bin,1048576,replication,0.006981611251831055
1763826340.6225255,169,bench_1MB_66.bin,1048576,download,2.0275766849517822
1763826342.8132503,170,bench_1MB_67.bin,1048576,replication,0.009972333908081055
1763826344.9032335,170,bench_1MB_67.bin,1048576,download,2.0840003490448
1763826347.0601683,171,bench_1MB_68.bin,1048576,replication,0.008976459503173828
1763826349.148819,171,bench_1MB_68.bin,1048576,download,2.086655855178833
1763826351.3773952,172,bench_1MB_69.bin,1048576,replication,0.028924226760864258
1763826353.4664261,172,bench_1MB_69.bin,1048576,download,2.082050085067749
1763826355.618275,173,bench_1MB_70.bin,1048576,replication,0.007981300354003906
1763826357.698253,173,bench_1MB_70.bin,1048576,download,2.0779831409454346
1763826359.9563546,174,bench_1MB_71.bin,1048576,replication,0.01196742057800293
1763826362.0424192,174,bench_1MB_71.bin,1048576,download,2.0800814628601074
1763826364.3060157,175,bench_1MB_72.bin,1048576,replication,0.007978677749633789
1763826366.3774855,175,bench_1MB_72.bin,1048576,download,2.0634891986846924
1763826368.5840378,176,bench_1MB_73.bin,1048576,replication,0.040956735610961914
1763826370.6493528,176,bench_1MB_73.bin,1048576,download,2.0593276023864746
1763826372.8857803,177,bench_1MB_74.bin,1048576,replication,0.0059871673583984375
1763826374.9529402,177,bench_1MB_74.bin,1048576,download,2.0651683807373047
1763826377.2011461,178,bench_1MB_75.bin,1048576,replication,0.008975505828857422
1763826379.2933748,178,bench_1MB_75.bin,1048576,download,2.0862436294555664
1763826381.5234003,179,bench_1MB_76.bin,1048576,replication,0.008976221084594727
1763826383.586379,179,bench_1MB_76.bin,1048576,download,2.060983419418335
1763826385.8690524,180,bench_1MB_77.bin,1048576,replication,0.013965368270874023
1763826387.9371982,180,bench_1MB_77.bin,1048576,download,2.066150188446045
1763826390.186187,181,bench_1MB_78.bin,1048576,replication,0.1052248477935791
1763826392.2640944,181,bench_1MB_78.bin,1048576,download,2.0759117603302
1763826394.439492,182,bench_1MB_79.bin,1048576,replication,0.007980585098266602
1763826396.5053854,182,bench_1MB_79.bin,1048576,download,2.059906482696533
1763826398.6811922,183,bench_1MB_80.bin,1048576,replication,0.009974479675292969
1763826400.7644565,183,bench_1MB_80.bin,1048576,download,2.0792760848999023
1763826402.9112902,184,bench_1MB_81.bin,1048576,replication,0.008974552154541016
1763826405.0018318,184,bench_1MB_81.bin,1048576,download,2.0835440158843994
1763826407.2186387,185,bench_1MB_82.bin,1048576,replication,0.022937536239624023
1763826409.3124542,185,bench_1MB_82.bin,1048576,download,2.0878336429595947
1763826411.5381951,186,bench_1MB_83.bin,1048576,replication,0.028911590576171875
1763826413.6326163,186,bench_1MB_83.bin,1048576,download,2.0884366035461426
1763826415.8072243,187,bench_1MB_84.bin,1048576,replication,0.021944522857666016
1763826417.881439,187,bench_1MB_84.bin,1048576,download,2.0712220668792725
1763826420.0636923,188,bench_1MB_85.bin,1048576,replication,0.021944284439086914
1763826422.1428065,188,bench_1MB_85.bin,1048576,download,2.0731263160705566
1763826424.3231952,189,bench_1MB_86.bin,1048576,replication,0.011968135833740234
1763826426.415329,189,bench_1MB_86.bin,1048576,download,2.0851523876190186
1763826428.6081555,190,bench_1MB_87.bin,1048576,replication,0.005985736846923828
1763826430.66928,190,bench_1MB_87.bin,1048576,download,2.0580923557281494
1763826432.8355963,191,bench_1MB_88.bin,1048576,replication,0.005983591079711914
1763826434.8971846,191,bench_1MB_88.bin,1048576,download,2.0595927238464355
1763826437.0571222,192,bench_1MB_89.bin,1048576,replication,0.028955698013305664
1763826439.132189,192,bench_1MB_89.bin,1048576,download,2.0730719566345215
1763826441.3417559,193,bench_1MB_90.bin,1048576,replication,0.008976936340332031
1763826443.4183772,193,bench_1MB_90.bin,1048576,download,2.071640729904175
1763826445.5865815,194,bench_1MB_91.bin,1048576,replication,0.008977174758911133
1763826447.8106868,194,bench_1MB_91.bin,1048576,download,2.2171266078948975
1763826449.9617655,195,bench_1MB_92.bin,1048576,replication,0.01097249984741211
1763826452.0465155,195,bench_1MB_92.bin,1048576,download,2.082756519317627
1763826454.1973603,196,bench_1MB_93.bin,1048576,replication,0.0069828033447265625
1763826456.2734487,196,bench_1MB_93.bin,1048576,download,2.0691072940826416
1763826458.4480028,197,bench_1MB_94.bin,1048576,replication,0.01892852783203125
1763826460.5333073,197,bench_1MB_94.bin,1048576,download,2.0813159942626953
1763826462.7213435,198,bench_1MB_95.bin,1048576,replication,0.011967897415161133
1763826464.7891467,198,bench_1MB_95.bin,1048576,download,2.0628156661987305
1763826466.941264,199,bench_1MB_96.bin,1048576,replication,0.010970115661621094
1763826469.019319,199,bench_1MB_96.bin,1048576,download,2.0730693340301514
1763826471.199883,200,bench_1MB_97.bin,1048576,replication,0.008976936340332031
1763826473.2833369,200,bench_1MB_97.bin,1048576,download,2.080461025238037
1763826475.4658418,201,bench_1MB_98.bin,1048576,replication,0.008974313735961914
1763826477.5504942,201,bench_1MB_98.bin,1048576,download,2.078669786453247
1763826479.814994,202,bench_1MB_99.bin,1048576,replication,0.022938013076782227
1763826481.876033,202,bench_1MB_99.bin,1048576,download,2.0590434074401855
1763826484.1309679,203,bench_10MB_0.bin,10485760,replication,0.06582474708557129
1763826486.2647204,203,bench_10MB_0.bin,10485760,download,2.1217827796936035
1763826488.581461,204,bench_10MB_1.bin,10485760,replication,0.059841156005859375
1763826490.7892196,204,bench_10MB_1.bin,10485760,download,2.1319613456726074
1763826493.0584428,205,bench_10MB_2.bin,10485760,replication,0.08377671241760254
1763826495.195876,205,bench_10MB_2.bin,10485760,download,2.1304516792297363
1763826497.5337996,206,bench_10MB_3.bin,10485760,replication,0.135667085647583
1763826499.6751368,206,bench_10MB_3.bin,10485760,download,2.1343557834625244
1763826502.0981898,207,bench_10MB_4.bin,10485760,replication,0.13379502296447754
1763826504.2526257,207,bench_10MB_4.bin,10485760,download,2.142465114593506
1763826506.5716085,208,bench_10MB_5.bin,10485760,replication,0.15455198287963867
1763826508.727268,208,bench_10MB_5.bin,10485760,download,2.1436924934387207
1763826510.9690688,209,bench_10MB_6.bin,10485760,replication,0.07291078567504883
1763826513.1304457,209,bench_10MB_6.bin,10485760,download,2.1498849391937256
1763826515.3987875,210,bench_10MB_7.bin,10485760,replication,0.08078837394714355
1763826517.5114248,210,bench_10MB_7.bin,10485760,download,2.1066558361053467
1763826520.2856753,211,bench_10MB_8.bin,10485760,replication,0.1885521411895752
1763826522.499094,211,bench_10MB_8.bin,10485760,download,2.1485860347747803
1763826524.8162448,212,bench_10MB_9.bin,10485760,replication,0.06981062889099121
1763826526.963615,212,bench_10MB_9.bin,10485760,download,2.134404420852661
1763826529.274577,213,bench_10MB_10.bin,10485760,replication,0.13787579536437988
1763826531.3934693,213,bench_10MB_10.bin,10485760,download,2.1159005165100098
1763826533.6704369,214,bench_10MB_11.bin,10485760,replication,0.07280588150024414
1763826535.8292084,214,bench_10MB_11.bin,10485760,download,2.14481258392334
1763826538.0719693,215,bench_10MB_12.bin,10485760,replication,0.07696318626403809
1763826540.202291,215,bench_10MB_12.bin,10485760,download,2.1243367195129395
1763826542.4542644,216,bench_10MB_13.bin,10485760,replication,0.06582498550415039
1763826544.560253,216,bench_10MB_13.bin,10485760,download,2.1019985675811768
1763826546.799507,217,bench_10MB_14.bin,10485760,replication,0.07657408714294434
1763826548.9137244,217,bench_10MB_14.bin,10485760,download,2.1062393188476562
1763826551.1978564,218,bench_10MB_15.bin,10485760,replication,0.0688166618347168
1763826553.5767882,218,bench_10MB_15.bin,10485760,download,2.133950710296631
1763826555.8126454,219,bench_10MB_16.bin,10485760,replication,0.07480144500732422
1763826557.9382212,219,bench_10MB_16.bin,10485760,download,2.121586561203003
1763826560.2056708,220,bench_10MB_17.bin,10485760,replication,0.07280659675598145
1763826562.3392458,220,bench_10MB_17.bin,10485760,download,2.127591133117676
1763826564.61277,221,bench_10MB_18.bin,10485760,replication,0.06482648849487305
1763826566.7410812,221,bench_10MB_18.bin,10485760,download,2.125319242477417
1763826569.412306,222,bench_10MB_19.bin,10485760,replication,0.07180929183959961
1763826571.58687,222,bench_10MB_19.bin,10485760,download,2.1296842098236084
1763826573.9905128,223,bench_10MB_20.bin,10485760,replication,0.07032322883605957
1763826576.1313713,223,bench_10MB_20.bin,10485760,download,2.127894639968872
1763826578.401832,224,bench_10MB_21.bin,10485760,replication,0.07779407501220703
1763826580.5428083,224,bench_10MB_21.bin,10485760,download,2.125016689300537
1763826582.7833512,225,bench_10MB_22.bin,10485760,replication,0.05485272407531738
1763826584.9342322,225,bench_10MB_22.bin,10485760,download,2.1468913555145264
1763826587.1877942,226,bench_10MB_23.bin,10485760,replication,0.07280635833740234
1763826589.3019683,226,bench_10MB_23.bin,10485760,download,2.11018443107605
1763826591.650379,227,bench_10MB_24.bin,10485760,replication,0.06370782852172852
1763826593.8220994,227,bench_10MB_24.bin,10485760,download,2.160752296447754
1763826596.0525389,228,bench_10MB_25.bin,10485760,replication,0.06981325149536133
1763826598.1880276,228,bench_10MB_25.bin,10485760,download,2.124518871307373
1763826600.473724,229,bench_10MB_26.bin,10485760,replication,0.06482720375061035
1763826602.621233,229,bench_10MB_26.bin,10485760,download,2.1375348567962646
1763826604.8249238,230,bench_10MB_27.bin,10485760,replication,0.05684852600097656
1763826606.9761372,230,bench_10MB_27.bin,10485760,download,2.1392428874969482
1763826609.2508593,231,bench_10MB_28.bin,10485760,replication,0.07280492782592773
1763826611.4207869,231,bench_10MB_28.bin,10485760,download,2.1589553356170654
1763826613.6739469,232,bench_10MB_29.bin,10485760,replication,0.06781911849975586
1763826615.8171363,232,bench_10MB_29.bin,10485760,download,2.1352100372314453
1763826618.314555,233,bench_10MB_30.bin,10485760,replication,0.06482744216918945
1763826620.6122823,233,bench_10MB_30.bin,10485760,download,2.127183198928833
1763826622.875371,234,bench_10MB_31.bin,10485760,replication,0.05884122848510742
1763826625.0251138,234,bench_10MB_31.bin,10485760,download,2.137774705886841
1763826627.294229,235,bench_10MB_32.bin,10485760,replication,0.06981420516967773
1763826629.446196,235,bench_10MB_32.bin,10485760,download,2.143988609313965
1763826631.8069463,236,bench_10MB_33.bin,10485760,replication,0.0987393856048584
1763826634.066577,236,bench_10MB_33.bin,10485760,download,2.1509227752685547
1763826636.381011,237,bench_10MB_34.bin,10485760,replication,0.08331155776977539
1763826638.534157,237,bench_10MB_34.bin,10485760,download,2.1411778926849365
1763826640.887001,238,bench_10MB_35.bin,10485760,replication,0.16659164428710938
1763826643.04021,238,bench_10MB_35.bin,10485760,download,2.1402461528778076
1763826645.3469172,239,bench_10MB_36.bin,10485760,replication,0.06283235549926758
1763826647.554216,239,bench_10MB_36.bin,10485760,download,2.13547420501709
1763826649.7918828,240,bench_10MB_37.bin,10485760,replication,0.0638277530670166
1763826651.941041,240,bench_10MB_37.bin,10485760,download,2.1371889114379883
1763826654.203279,241,bench_10MB_38.bin,10485760,replication,0.07779145240783691
1763826656.3536747,241,bench_10MB_38.bin,10485760,download,2.138427495956421
1763826658.585685,242,bench_10MB_39.bin,10485760,replication,0.07380294799804688
1763826660.8433924,242,bench_10MB_39.bin,10485760,download,2.2547147274017334
1763826663.1284382,243,bench_10MB_40.bin,10485760,replication,0.08776617050170898
1763826665.2910986,243,bench_10MB_40.bin,10485760,download,2.1237611770629883
1763826667.6078517,244,bench_10MB_41.bin,10485760,replication,0.06781840324401855
1763826669.762413,244,bench_10MB_41.bin,10485760,download,2.1226470470428467
1763826672.0277185,245,bench_10MB_42.bin,10485760,replication,0.07280492782592773
1763826674.1611056,245,bench_10MB_42.bin,10485760,download,2.129397392272949
1763826676.3985822,246,bench_10MB_43.bin,10485760,replication,0.06482744216918945
1763826678.5500665,246,bench_10MB_43.bin,10485760,download,2.140180826187134
1763826681.1283293,247,bench_10MB_44.bin,10485760,replication,0.18941903114318848
1763826683.3729367,247,bench_10MB_44.bin,10485760,download,2.1422157287597656
1763826685.7746027,248,bench_10MB_45.bin,10485760,replication,0.08079171180725098
1763826687.91739,248,bench_10MB_45.bin,10485760,download,2.130821704864502
1763826690.3649979,249,bench_10MB_46.bin,10485760,replication,0.061835289001464844
1763826692.5173767,249,bench_10MB_46.bin,10485760,download,2.1394147872924805
1763826694.768468,250,bench_10MB_47.bin,10485760,replication,0.06981396675109863
1763826696.924684,250,bench_10MB_47.bin,10485760,download,2.142256259918213
1763826699.3767426,251,bench_10MB_48.bin,10485760,replication,0.14562535285949707
1763826701.5354285,251,bench_10MB_48.bin,10485760,download,2.146718740463257
1763826703.8805428,252,bench_10MB_49.bin,10485760,replication,0.06682133674621582
1763826706.0932195,252,bench_10MB_49.bin,10485760,download,2.13488507270813
1763826708.4472136,253,bench_10MB_50.bin,10485760,replication,0.06682252883911133
1763826710.6001716,253,bench_10MB_50.bin,10485760,download,2.141988754272461
1763826712.8561482,254,bench_10MB_51.bin,10485760,replication,0.06682038307189941
1763826715.009148,254,bench_10MB_51.bin,10485760,download,2.142030715942383
1763826717.2908463,255,bench_10MB_52.bin,10485760,replication,0.06283187866210938
1763826719.4448743,255,bench_10MB_52.bin,10485760,download,2.1415390968322754
1763826721.6974106,256,bench_10MB_53.bin,10485760,replication,0.07280540466308594
1763826723.846719,256,bench_10MB_53.bin,10485760,download,2.1363420486450195
1763826726.2062778,257,bench_10MB_54.bin,10485760,replication,0.07584261894226074
1763826728.361155,257,bench_10MB_54.bin,10485760,download,2.137922763824463
1763826730.611952,258,bench_10MB_55.bin,10485760,replication,0.06382942199707031
1763826732.7399473,258,bench_10MB_55.bin,10485760,download,2.1160271167755127
1763826735.0089068,259,bench_10MB_56.bin,10485760,replication,0.07380366325378418
1763826737.1423464,259,bench_10MB_56.bin,10485760,download,2.1214709281921387
1763826739.5564897,260,bench_10MB_57.bin,10485760,replication,0.06482648849487305
1763826741.7145352,260,bench_10MB_57.bin,10485760,download,2.1440823078155518
1763826743.991825,261,bench_10MB_58.bin,10485760,replication,0.08078455924987793
1763826746.1230555,261,bench_10MB_58.bin,10485760,download,2.125246286392212
1763826748.3426464,262,bench_10MB_59.bin,10485760,replication,0.06482791900634766
1763826750.4987776,262,bench_10MB_59.bin,10485760,download,2.14316725730896
1763826752.7150118,263,bench_10MB_60.bin,10485760,replication,0.06523346900939941
1763826754.8644776,263,bench_10MB_60.bin,10485760,download,2.142484426498413
1763826757.256143,264,bench_10MB_61.bin,10485760,replication,0.06634235382080078
1763826759.398646,264,bench_10MB_61.bin,10485760,download,2.1365175247192383
1763826761.6914597,265,bench_10MB_62.bin,10485760,replication,0.06832456588745117
1763826763.834481,265,bench_10MB_62.bin,10485760,download,2.1300604343414307
1763826766.100187,266,bench_10MB_63.bin,10485760,replication,0.08213448524475098
1763826768.2219079,266,bench_10MB_63.bin,10485760,download,2.1177315711975098
1763826770.4616683,267,bench_10MB_64.bin,10485760,replication,0.0718073844909668
1763826772.8943534,267,bench_10MB_64.bin,10485760,download,2.418719530105591
1763826775.154819,268,bench_10MB_65.bin,10485760,replication,0.0688161849975586
1763826777.2741256,268,bench_10MB_65.bin,10485760,download,2.1153175830841064
1763826779.5158782,269,bench_10MB_66.bin,10485760,replication,0.06781888008117676
1763826781.657131,269,bench_10MB_66.bin,10485760,download,2.1312808990478516
1763826783.947628,270,bench_10MB_67.bin,10485760,replication,0.06482815742492676
1763826786.1075897,270,bench_10MB_67.bin,10485760,download,2.1499903202056885
1763826788.3873606,271,bench_10MB_68.bin,10485760,replication,0.07679533958435059
1763826790.5935457,271,bench_10MB_68.bin,10485760,download,2.1203420162200928
1763826792.8529594,272,bench_10MB_69.bin,10485760,replication,0.0608372688293457
1763826794.976542,272,bench_10MB_69.bin,10485760,download,2.115603446960449
1763826797.3275883,273,bench_10MB_70.bin,10485760,replication,0.0718080997467041
1763826799.4529178,273,bench_10MB_70.bin,10485760,download,2.1143593788146973
1763826801.7399814,274,bench_10MB_71.bin,10485760,replication,0.06582474708557129
1763826803.877164,274,bench_10MB_71.bin,10485760,download,2.1272106170654297
1763826806.1124647,275,bench_10MB_72.bin,10485760,replication,0.061835527420043945
1763826808.3350801,275,bench_10MB_72.bin,10485760,download,2.1041369438171387
1763826810.565845,276,bench_10MB_73.bin,10485760,replication,0.06682014465332031
1763826812.7400544,276,bench_10MB_73.bin,10485760,download,2.163236141204834
1763826814.9744456,277,bench_10MB_74.bin,10485760,replication,0.05684828758239746
1763826817.1052568,277,bench_10MB_74.bin,10485760,download,2.1198387145996094
1763826819.402503,278,bench_10MB_75.bin,10485760,replication,0.06482791900634766
1763826821.5640447,278,bench_10MB_75.bin,10485760,download,2.1565542221069336
1763826823.8324134,279,bench_10MB_76.bin,10485760,replication,0.07866716384887695
1763826826.077468,279,bench_10MB_76.bin,10485760,download,2.132207155227661
1763826828.4004428,280,bench_10MB_77.bin,10485760,replication,0.12267208099365234
1763826830.5299432,280,bench_10MB_77.bin,10485760,download,2.119527816772461
1763826832.81074,281,bench_10MB_78.bin,10485760,replication,0.06183648109436035
1763826834.9431212,281,bench_10MB_78.bin,10485760,download,2.128391981124878
1763826837.2019203,282,bench_10MB_79.bin,10485760,replication,0.06682109832763672
1763826839.3509316,282,bench_10MB_79.bin,10485760,download,2.139037609100342
1763826841.7638435,283,bench_10MB_80.bin,10485760,replication,0.07279539108276367
1763826843.911906,283,bench_10MB_80.bin,10485760,download,2.11311936378479
1763826846.1591537,284,bench_10MB_81.bin,10485760,replication,0.07081151008605957
1763826848.3190644,284,bench_10MB_81.bin,10485760,download,2.147942304611206
1763826850.5887036,285,bench_10MB_82.bin,10485760,replication,0.06782031059265137
1763826852.7165937,285,bench_10MB_82.bin,10485760,download,2.1229023933410645
1763826854.9827588,286,bench_10MB_83.bin,10485760,replication,0.07119083404541016
1763826857.0996013,286,bench_10MB_83.bin,10485760,download,2.112856149673462
1763826859.664849,287,bench_10MB_84.bin,10485760,replication,0.06781935691833496
1763826861.783345,287,bench_10MB_84.bin,10485760,download,2.113508939743042
1763826864.0520096,288,bench_10MB_85.bin,10485760,replication,0.06881928443908691
1763826866.1775155,288,bench_10MB_85.bin,10485760,download,2.1125380992889404
1763826868.525126,289,bench_10MB_86.bin,10485760,replication,0.10372281074523926
1763826870.6429348,289,bench_10MB_86.bin,10485760,download,2.113818883895874
1763826872.9011674,290,bench_10MB_87.bin,10485760,replication,0.06283164024353027
1763826875.111642,290,bench_10MB_87.bin,10485760,download,2.120712995529175
1763826877.337216,291,bench_10MB_88.bin,10485760,replication,0.06290602684020996
1763826879.4682734,291,bench_10MB_88.bin,10485760,download,2.127067804336548
1763826881.7208898,292,bench_10MB_89.bin,10485760,replication,0.08348321914672852
1763826883.8697195,292,bench_10MB_89.bin,10485760,download,2.1368613243103027
1763826886.0915241,293,bench_10MB_90.bin,10485760,replication,0.06582450866699219
1763826888.2401533,293,bench_10MB_90.bin,10485760,download,2.137659788131714
1763826890.5085926,294,bench_10MB_91.bin,10485760,replication,0.07579827308654785
1763826892.6650453,294,bench_10MB_91.bin,10485760,download,2.1444854736328125
1763826894.9497938,295,bench_10MB_92.bin,10485760,replication,0.08178162574768066
1763826897.0724924,295,bench_10MB_92.bin,10485760,download,2.1167171001434326
1763826899.4232533,296,bench_10MB_93.bin,10485760,replication,0.1575765609741211
1763826901.5581083,296,bench_10MB_93.bin,10485760,download,2.1288721561431885
1763826903.8600397,297,bench_10MB_94.bin,10485760,replication,0.07280635833740234
1763826905.9981558,297,bench_10MB_94.bin,10485760,download,2.126147747039795
1763826908.2575753,298,bench_10MB_95.bin,10485760,replication,0.0718085765838623
1763826910.395471,298,bench_10MB_95.bin,10485760,download,2.124929666519165
1763826912.7196882,299,bench_10MB_96.bin,10485760,replication,0.06482625007629395
1763826914.8461726,299,bench_10MB_96.bin,10485760,download,2.114516496658325
1763826917.110875,300,bench_10MB_97.bin,10485760,replication,0.0715796947479248
1763826919.2396898,300,bench_10MB_97.bin,10485760,download,2.1148533821105957
1763826921.5483868,301,bench_10MB_98.bin,10485760,replication,0.09873557090759277
1763826923.6897886,301,bench_10MB_98.bin,10485760,download,2.1294329166412354
1763826925.9321404,302,bench_10MB_99.bin,10485760,replication,0.07381153106689453
1763826928.0656636,302,bench_10MB_99.bin,10485760,download,2.128537654876709
1763826942.4101346,303,bench_100MB_0.bin,104857600,replication,7.571831464767456
1763826945.2943132,303,bench_100MB_0.bin,104857600,download,2.8472824096679688
1763826962.6935027,304,bench_100MB_1.bin,104857600,replication,5.920742750167847
1763826965.4394345,304,bench_100MB_1.bin,104857600,download,2.675121545791626
1763826982.1696343,305,bench_100MB_2.bin,104857600,replication,13.398098945617676
1763826984.9894347,305,bench_100MB_2.bin,104857600,download,2.7799060344696045
1763827001.0293243,306,bench_100MB_3.bin,104857600,replication,6.748111724853516
1763827003.9319165,306,bench_100MB_3.bin,104857600,download,2.863391399383545
1763827013.154371,307,bench_100MB_4.bin,104857600,replication,4.9986701011657715
1763827015.9957528,307,bench_100MB_4.bin,104857600,download,2.756409168243408
1763827035.5981476,308,bench_100MB_5.bin,104857600,replication,12.97303581237793
1763827039.3151505,308,bench_100MB_5.bin,104857600,download,3.4615933895111084
1763827052.457999,309,bench_100MB_6.bin,104857600,replication,9.002479791641235
1763827055.4301581,309,bench_100MB_6.bin,104857600,download,2.8235557079315186
1763827064.2083392,310,bench_100MB_7.bin,104857600,replication,4.258829355239868
1763827068.2133446,310,bench_100MB_7.bin,104857600,download,3.923588991165161
1763827095.0172837,311,bench_100MB_8.bin,104857600,replication,9.867214441299438
1763827098.222148,311,bench_100MB_8.bin,104857600,download,3.146897792816162
1763827110.1270506,312,bench_100MB_9.bin,104857600,replication,8.218311548233032
1763827112.8733509,312,bench_100MB_9.bin,104857600,download,2.6505117416381836
1763827131.330775,313,bench_100MB_10.bin,104857600,replication,6.203472852706909
1763827134.8517191,313,bench_100MB_10.bin,104857600,download,2.6801581382751465
1763827142.9433339,314,bench_100MB_11.bin,104857600,replication,4.701517343521118
1763827145.608752,314,bench_100MB_11.bin,104857600,download,2.6235339641571045
1763827155.8415403,315,bench_100MB_12.bin,104857600,replication,6.463793516159058
1763827158.61812,315,bench_100MB_12.bin,104857600,download,2.7456626892089844
1763827168.4433048,316,bench_100MB_13.bin,104857600,replication,6.5669238567352295
1763827171.5465171,316,bench_100MB_13.bin,104857600,download,2.7855048179626465
1763827179.743297,317,bench_100MB_14.bin,104857600,replication,4.385706424713135
1763827182.8426719,317,bench_100MB_14.bin,104857600,download,2.679070472717285
1763827188.7604504,318,bench_100MB_15.bin,104857600,replication,1.9080567359924316
1763827191.742597,318,bench_100MB_15.bin,104857600,download,2.9582090377807617
1763827200.8602796,319,bench_100MB_16.bin,104857600,replication,5.479896545410156
1763827203.7142153,319,bench_100MB_16.bin,104857600,download,2.7235562801361084
1763827215.6413493,320,bench_100MB_17.bin,104857600,replication,7.073110818862915
1763827221.3799076,320,bench_100MB_17.bin,104857600,download,5.68156886100769
1763827246.6686366,321,bench_100MB_18.bin,104857600,replication,17.252241611480713
1763827250.0359528,321,bench_100MB_18.bin,104857600,download,3.201960563659668
1763827257.6401527,322,bench_100MB_19.bin,104857600,replication,2.82255220413208
1763827260.6236358,322,bench_100MB_19.bin,104857600,download,2.8341312408447266
1763827267.2114766,323,bench_100MB_20.bin,104857600,replication,3.3522555828094482
1763827270.1394985,323,bench_100MB_20.bin,104857600,download,2.8060226440429688
1763827276.4913676,324,bench_100MB_21.bin,104857600,replication,2.4944400787353516
1763827279.5020614,324,bench_100MB_21.bin,104857600,download,2.9298174381256104
1763827285.8656168,325,bench_100MB_22.bin,104857600,replication,2.2886364459991455
1763827288.5455186,325,bench_100MB_22.bin,104857600,download,2.648984909057617
1763827302.2610104,326,bench_100MB_23.bin,104857600,replication,9.334706783294678
1763827307.2199697,326,bench_100MB_23.bin,104857600,download,4.21794319152832
1763827319.5869894,327,bench_100MB_24.bin,104857600,replication,8.282759428024292
1763827323.282158,327,bench_100MB_24.bin,104857600,download,2.7287535667419434
1763827338.007789,328,bench_100MB_25.bin,104857600,replication,3.040243148803711
1763827346.159624,328,bench_100MB_25.bin,104857600,download,5.413219451904297
1763827360.5044205,329,bench_100MB_26.bin,104857600,replication,5.256736755371094
1763827365.9627602,329,bench_100MB_26.bin,104857600,download,4.342685699462891
1763827375.974187,330,bench_100MB_27.bin,104857600,replication,5.474456787109375
1763827379.7297204,330,bench_100MB_27.bin,104857600,download,3.5431036949157715
1763827390.6476939,331,bench_100MB_28.bin,104857600,replication,7.138167858123779
1763827394.0776877,331,bench_100MB_28.bin,104857600,download,2.892282009124756
1763827407.2535336,332,bench_100MB_29.bin,104857600,replication,2.8925929069519043
1763827413.0604138,332,bench_100MB_29.bin,104857600,download,3.2788469791412354
1763827429.7578082,333,bench_100MB_30.bin,104857600,replication,7.147266864776611
1763827432.900242,333,bench_100MB_30.bin,104857600,download,3.0235204696655273
1763827464.6922884,334,bench_100MB_31.bin,104857600,replication,22.949929237365723
1763827468.3904696,334,bench_100MB_31.bin,104857600,download,3.2673723697662354
1763827488.5002165,335,bench_100MB_32.bin,104857600,replication,8.269580602645874
1763827491.5015411,335,bench_100MB_32.bin,104857600,download,2.8701038360595703
1763827504.0010664,336,bench_100MB_33.bin,104857600,replication,7.589838743209839
1763827507.4618337,336,bench_100MB_33.bin,104857600,download,3.287471055984497
1763827520.6389213,337,bench_100MB_34.bin,104857600,replication,10.309208393096924
1763827523.7461832,337,bench_100MB_34.bin,104857600,download,2.924586534500122
1763827531.7357743,338,bench_100MB_35.bin,104857600,replication,3.9965298175811768
1763827535.0969965,338,bench_100MB_35.bin,104857600,download,2.9500601291656494
1763827541.7414083,339,bench_100MB_36.bin,104857600,replication,3.2696032524108887
1763827544.82169,339,bench_100MB_36.bin,104857600,download,2.896911144256592
1763827552.8668554,340,bench_100MB_37.bin,104857600,replication,5.130448341369629
1763827556.2622414,340,bench_100MB_37.bin,104857600,download,2.6917989253997803
1763827561.9044466,341,bench_100MB_38.bin,104857600,replication,2.4373135566711426
1763827564.6671126,341,bench_100MB_38.bin,104857600,download,2.739938259124756
1763827571.0041788,342,bench_100MB_39.bin,104857600,replication,2.8466506004333496
1763827574.1289282,342,bench_100MB_39.bin,104857600,download,2.650914430618286
1763827579.7213917,343,bench_100MB_40.bin,104857600,replication,2.6826953887939453
1763827582.6825688,343,bench_100MB_40.bin,104857600,download,2.907517671585083
1763827588.7038555,344,bench_100MB_41.bin,104857600,replication,2.4965479373931885
1763827591.536436,344,bench_100MB_41.bin,104857600,download,2.7093288898468018
1763827597.780745,345,bench_100MB_42.bin,104857600,replication,3.5195813179016113
1763827600.4765868,345,bench_100MB_42.bin,104857600,download,2.608051061630249
1763827606.1911516,346,bench_100MB_43.bin,104857600,replication,2.4141995906829834
1763827608.9270642,346,bench_100MB_43.bin,104857600,download,2.6510982513427734
1763827614.6831894,347,bench_100MB_44.bin,104857600,replication,2.7847366333007812
1763827617.403841,347,bench_100MB_44.bin,104857600,download,2.5668628215789795
1763827623.5861504,348,bench_100MB_45.bin,104857600,replication,2.887373208999634
1763827626.9815965,348,bench_100MB_45.bin,104857600,download,2.77774977684021
1763827632.4325953,349,bench_100MB_46.bin,104857600,replication,2.2069854736328125
1763827635.08693,349,bench_100MB_46.bin,104857600,download,2.6124472618103027
1763827640.9583235,350,bench_100MB_47.bin,104857600,replication,3.3127496242523193
1763827643.6863716,350,bench_100MB_47.bin,104857600,download,2.6283986568450928
1763827649.1775408,351,bench_100MB_48.bin,104857600,replication,2.522188663482666
1763827652.007202,351,bench_100MB_48.bin,104857600,download,2.775808572769165
1763827658.2610345,352,bench_100MB_49.bin,104857600,replication,2.8703627586364746
1763827661.2984471,352,bench_100MB_49.bin,104857600,download,2.7687482833862305
1763827667.0911677,353,bench_100MB_50.bin,104857600,replication,1.9507567882537842
1763827670.0209565,353,bench_100MB_50.bin,104857600,download,2.759622573852539
1763827675.5359318,354,bench_100MB_51.bin,104857600,replication,1.935720443725586
1763827678.3016906,354,bench_100MB_51.bin,104857600,download,2.7208824157714844
1763827684.1870375,355,bench_100MB_52.bin,104857600,replication,2.078026056289673
1763827687.0545826,355,bench_100MB_52.bin,104857600,download,2.617995023727417
1763827692.3350456,356,bench_100MB_53.bin,104857600,replication,1.8163719177246094
1763827695.3836336,356,bench_100MB_53.bin,104857600,download,2.7490248680114746
1763827701.1292555,357,bench_100MB_54.bin,104857600,replication,3.022312641143799
1763827703.9546921,357,bench_100MB_54.bin,104857600,download,2.7261929512023926
1763827710.2129805,358,bench_100MB_55.bin,104857600,replication,2.510777473449707
1763827712.95628,358,bench_100MB_55.bin,104857600,download,2.70241641998291
1763827718.5440395,359,bench_100MB_56.bin,104857600,replication,2.2050909996032715
1763827721.1640756,359,bench_100MB_56.bin,104857600,download,2.5681138038635254
1763827727.0449705,360,bench_100MB_57.bin,104857600,replication,2.8176612854003906
1763827729.9332182,360,bench_100MB_57.bin,104857600,download,2.73673152923584
1763827735.6140032,361,bench_100MB_58.bin,104857600,replication,2.239630699157715
1763827739.0943015,361,bench_100MB_58.bin,104857600,download,2.8820981979370117
1763827744.3127809,362,bench_100MB_59.bin,104857600,replication,1.8087987899780273
1763827747.0722222,362,bench_100MB_59.bin,104857600,download,2.730518341064453
1763827752.5894198,363,bench_100MB_60.bin,104857600,replication,1.6977860927581787
1763827755.188238,363,bench_100MB_60.bin,104857600,download,2.5629146099090576
1763827760.8099027,364,bench_100MB_61.bin,104857600,replication,2.0827994346618652
1763827763.9006228,364,bench_100MB_61.bin,104857600,download,2.757575750350952
1763827769.229121,365,bench_100MB_62.bin,104857600,replication,2.7174723148345947
1763827771.9869418,365,bench_100MB_62.bin,104857600,download,2.6092276573181152
1763827777.2350068,366,bench_100MB_63.bin,104857600,replication,2.278254508972168
1763827779.920383,366,bench_100MB_63.bin,104857600,download,2.5754313468933105
1763827785.892721,367,bench_100MB_64.bin,104857600,replication,2.996204376220703
1763827788.7741373,367,bench_100MB_64.bin,104857600,download,2.7516539096832275
1763827794.7097,368,bench_100MB_65.bin,104857600,replication,2.874117374420166
1763827797.5245264,368,bench_100MB_65.bin,104857600,download,2.6691031455993652
1763827803.3654976,369,bench_100MB_66.bin,104857600,replication,2.535766363143921
1763827806.1291168,369,bench_100MB_66.bin,104857600,download,2.5670924186706543
1763827812.154014,370,bench_100MB_67.bin,104857600,replication,3.1368465423583984
1763827815.045793,370,bench_100MB_67.bin,104857600,download,2.715776205062866
1763827820.8970265,371,bench_100MB_68.bin,104857600,replication,1.9454407691955566
1763827823.630986,371,bench_100MB_68.bin,104857600,download,2.7030439376831055
1763827829.6272426,372,bench_100MB_69.bin,104857600,replication,3.0345821380615234
1763827832.3199673,372,bench_100MB_69.bin,104857600,download,2.5842373371124268
1763827837.6869552,373,bench_100MB_70.bin,104857600,replication,1.9462401866912842
1763827840.3369682,373,bench_100MB_70.bin,104857600,download,2.6011385917663574
1763827846.1189854,374,bench_100MB_71.bin,104857600,replication,2.1323540210723877
1763827848.8381991,374,bench_100MB_71.bin,104857600,download,2.637434244155884
1763827854.296297,375,bench_100MB_72.bin,104857600,replication,1.610084056854248
1763827857.0175128,375,bench_100MB_72.bin,104857600,download,2.692495107650757
1763827862.848975,376,bench_100MB_73.bin,104857600,replication,2.9193170070648193
1763827865.5986595,376,bench_100MB_73.bin,104857600,download,2.700817346572876
1763827871.8042235,377,bench_100MB_74.bin,104857600,replication,2.8599588871002197
1763827874.689584,377,bench_100MB_74.bin,104857600,download,2.744638681411743
1763827880.331092,378,bench_100MB_75.bin,104857600,replication,1.3140177726745605
1763827882.9488728,378,bench_100MB_75.bin,104857600,download,2.591850996017456
1763827888.1820524,379,bench_100MB_76.bin,104857600,replication,1.5143535137176514
1763827890.919214,379,bench_100MB_76.bin,104857600,download,2.694277763366699
1763827896.306033,380,bench_100MB_77.bin,104857600,replication,2.1809706687927246
1763827899.1277442,380,bench_100MB_77.bin,104857600,download,2.769683837890625
1763827904.078644,381,bench_100MB_78.bin,104857600,replication,1.467280387878418
1763827906.9139533,381,bench_100MB_78.bin,104857600,download,2.7884364128112793
1763827911.8234196,382,bench_100MB_79.bin,104857600,replication,1.6240251064300537
1763827914.5532181,382,bench_100MB_79.bin,104857600,download,2.6938974857330322
1763827920.3970857,383,bench_100MB_80.bin,104857600,replication,2.9126627445220947
1763827923.2160113,383,bench_100MB_80.bin,104857600,download,2.745059013366699
1763827928.2122374,384,bench_100MB_81.bin,104857600,replication,1.6379425525665283
1763827930.9463558,384,bench_100MB_81.bin,104857600,download,2.6155009269714355
1763827936.0600636,385,bench_100MB_82.bin,104857600,replication,2.09554123878479
1763827939.0690076,385,bench_100MB_82.bin,104857600,download,2.7362380027770996
1763827945.541042,386,bench_100MB_83.bin,104857600,replication,3.581528425216675
1763827948.463041,386,bench_100MB_83.bin,104857600,download,2.761214017868042
1763827954.1505651,387,bench_100MB_84.bin,104857600,replication,2.6675429344177246
1763827957.0434113,387,bench_100MB_84.bin,104857600,download,2.6944093704223633
1763827963.2141423,388,bench_100MB_85.bin,104857600,replication,2.721102237701416
1763827965.9883916,388,bench_100MB_85.bin,104857600,download,2.7513110637664795
1763827972.0367982,389,bench_100MB_86.bin,104857600,replication,3.0201339721679688
1763827974.722665,389,bench_100MB_86.bin,104857600,download,2.5630884170532227
1763827979.5499396,390,bench_100MB_87.bin,104857600,replication,1.8425891399383545
1763827982.2534065,390,bench_100MB_87.bin,104857600,download,2.512284278869629
1763827988.0751042,391,bench_100MB_88.bin,104857600,replication,1.8344612121582031
1763827990.9387758,391,bench_100MB_88.bin,104857600,download,2.7412896156311035
1763827996.0150685,392,bench_100MB_89.bin,104857600,replication,1.5222468376159668
1763827998.7973988,392,bench_100MB_89.bin,104857600,download,2.753410577774048
1763828004.994497,393,bench_100MB_90.bin,104857600,replication,3.0866940021514893
1763828007.7913635,393,bench_100MB_90.bin,104857600,download,2.6840202808380127
1763828013.6280642,394,bench_100MB_91.bin,104857600,replication,1.9723904132843018
1763828016.35,394,bench_100MB_91.bin,104857600,download,2.625138998031616
1763828022.0812938,395,bench_100MB_92.bin,104857600,replication,2.191859722137451
1763828025.0373838,395,bench_100MB_92.bin,104857600,download,2.7579638957977295
1763828031.0425942,396,bench_100MB_93.bin,104857600,replication,2.2870774269104004
1763828033.9979727,396,bench_100MB_93.bin,104857600,download,2.734607458114624
1763828039.7201576,397,bench_100MB_94.bin,104857600,replication,2.2137451171875
1763828042.4127643,397,bench_100MB_94.bin,104857600,download,2.542881965637207
1763828048.1146169,398,bench_100MB_95.bin,104857600,replication,2.5826456546783447
1763828051.0154464,398,bench_100MB_95.bin,104857600,download,2.7502520084381104
1763828056.7159896,399,bench_100MB_96.bin,104857600,replication,1.8496980667114258
1763828059.5807307,399,bench_100MB_96.bin,104857600,download,2.7476580142974854
1763828065.1250675,400,bench_100MB_97.bin,104857600,replication,2.175086259841919
1763828067.9104536,400,bench_100MB_97.bin,104857600,download,2.722468614578247
1763828073.368232,401,bench_100MB_98.bin,104857600,replication,1.651041030883789
1763828076.091871,401,bench_100MB_98.bin,104857600,download,2.6971333026885986
1763828081.7745175,402,bench_100MB_99.bin,104857600,replication,2.2830891609191895
1763828084.5612223,402,bench_100MB_99.bin,104857600,download,2.660043716430664
